SRVID;Date d'ouverture co;Date de souscription;Techno;Reseau;Code INSEE;Adresse IP;OPTIONS;Nb STB;STB1;STB2;STB3;STB4;STB5;STB6;STB7;STB8;STB9;STB10
;;;;;;;;0;;;;;;;;;;
34007054;05/06/2021 12:21;19/05/2021 17:36;FIBRE;BYT;59328;89.87.223.130;BBOX_FIBRE | RADIO_FIBRE | EXT_OTT_ACCESS | EXT_OTT_TVBASIC | FIBRE_BASIC | FIBRE_CHAINE_HUSTLER | HD | IPTV_MYTF1MAX_INCLUS | IPTV_STO | LIVE | SVOD | VOD | VOD_24;1;272011025113224;;;;;;;;;
25294932;12/10/2021 16:12;12/10/2021 13:33;FIBRE;BYT;63070;31.36.168.86;BBOX_FIBRE | RADIO_FIBRE | EXT_OTT_ACCESS | EXT_OTT_TVBASIC | FIBRE_BASIC | HD | IPTV_NPVR_BASIC_PARC | LIVE | NPVR_TYPE | SVOD | VOD | VOD_24;1;272011947219802;;;;;;;;;
33946829;08/06/2022 13:07;28/04/2021 19:00;XDSL;BYT;59352;100.67.134.51;BBOX_BYT | RADIO_BYT | EXT_OTT_ACCESS | EXT_OTT_TVBASIC | HD | IPTV_BYT_BASIC | IPTV_BYT_BASIC_ADVAN | IPTV_STO | LIVE | OTT_LIVE_DRM_STB | SVOD | VOD | VOD_24;1;271011712422830;;;;;;;;;
36097900;;22/12/2021 15:26;FIBRE;BYT;69384;;BBOX_FIBRE | RADIO_FIBRE | EXT_OTT_ACCESS | EXT_OTT_TVBASIC | FIBRE_BASIC | HD | IPTV_STO | LIVE | SVOD | VOD | VOD_24;0;;;;;;;;;;
33544131;30/01/2022 11:32;06/01/2022 07:34;FIBRE;BYT;91191;176.144.84.142;BBOX_FIBRE | RADIO_FIBRE | EXT_OTT_ACCESS | EXT_OTT_TVBASIC | FIBRE_BASIC | HD | IPTV_STO | LIVE | OTT_LIVE_DRM_STB | SVOD | VOD | VOD_24;1;272011831320815;;;;;;;;;
33478398;19/12/2020 18:51;14/12/2020 18:03;XDSL;BYT;63315;87.91.95.208;BBOX_BYT | RADIO_BYT | EXT_OTT_ACCESS | EXT_OTT_TVBASIC | HD | IPTV_BYT_BASIC | IPTV_BYT_BASIC_ADVAN | LIVE | SVOD | TIME | VOD | VOD_24;1;271011634223795;;;;;;;;;
23470077;05/01/2021 19:04;09/01/2020 08:50;FIBRE;BYT;95176;94.239.254.144;BBOX_FIBRE | RADIO_FIBRE | EXT_OTT_ACCESS | EXT_OTT_TVBASIC | FIBRE_BASIC | FIBRE_SALTO | HD | IPTV_STO | LIVE | SVOD | VOD | VOD_24;1;272011029101167;;;;;;;;;
33846667;31/03/2022 09:02;25/03/2021 14:20;FIBRE;BYT;34172;176.183.209.108;BBOX_FIBRE | RADIO_FIBRE | EXT_OTT_ACCESS | EXT_OTT_TVBASIC | FIBRE_BASIC | FIBRE_BBOXCINE | HD | LIVE | SVOD | VOD | VOD_24;1;271011750311432;;;;;;;;;
37792263;;16/05/2022 14:31;FIBRE;BYT;75119;;BBOX_FIBRE | RADIO_FIBRE | EXT_OTT_ACCESS | EXT_OTT_TVBASIC | FIBRE_BASIC | HD | IPTV_STO | LIVE | SVOD | VOD | VOD_24;0;;;;;;;;;;
35465984;10/11/2021 18:52;18/10/2021 14:47;FIBRE;BYT;42218;176.190.108.113;BBOX_FIBRE | RADIO_FIBRE | EXT_OTT_ACCESS | EXT_OTT_TVBASIC | FIBRE_BASIC | HD | IPTV_STO | LIVE | SVOD | VOD | VOD_24;1;272011103715031;;;;;;;;;
31697877;30/06/2019 09:56;27/06/2019 19:52;FIBRE;BYT;77284;176.151.244.60;BBOX_FIBRE | RADIO_FIBRE | EXT_OTT_ACCESS | EXT_OTT_TVBASIC | FIBRE_BASIC | HD | LIVE | SVOD | VOD | VOD_24;1;272011910202991;;;;;;;;;
31497191;31/08/2019 17:52;04/03/2019 04:32;FIBRE;BYT;13056;128.78.121.126;BBOX_FIBRE | RADIO_FIBRE | EXT_OTT_ACCESS | EXT_OTT_TVBASIC | FIBRE_BASIC | HD | IPTV_STO | LIVE | SVOD | VOD | VOD_24;1;272011917703801;;;;;;;;;
32378275;21/12/2021 19:49;14/12/2021 11:10;FIBRE;BYT;75115;176.170.198.145;BBOX_FIBRE | RADIO_FIBRE | EXT_OTT_ACCESS | EXT_OTT_TVBASIC | FIBRE_BASIC | HD | IPTV_STO | LIVE | SVOD | VOD | VOD_24;1;272011102701578;;;;;;;;;
34480568;05/04/2022 17:28;26/07/2021 17:25;FIBRE;BYT;93048;87.89.201.130;BBOX_FIBRE | RADIO_FIBRE | EXT_OTT_ACCESS | EXT_OTT_TVBASIC | FIBRE_BASIC | HD | IPTV_STO | LIVE | SVOD | VOD | VOD_24;1;271011720431419;;;;;;;;;
31094457;22/01/2019 13:23;15/11/2018 21:31;XDSL;BYT;38565;;BBOX_BYT | RADIO_BYT | EXT_OTT_ACCESS | EXT_OTT_TVBASIC | HD | IPTV_BYT_BASIC | IPTV_BYT_BASIC_ADVAN | LIVE | SVOD | TIME | VOD | VOD_24;0;;;;;;;;;;
35171933;23/10/2021 18:15;25/09/2021 17:55;FIBRE;BYT;59009;;BBOX_FIBRE | RADIO_FIBRE | EXT_OTT_ACCESS | EXT_OTT_TVBASIC | FIBRE_BASIC | HD | LIVE | OTT_LIVE_DRM_STB | RISK_2 | SVOD;0;;;;;;;;;;
21336516;;11/09/2020 11:30;FIBRE;BYT;67204;;BBOX_FIBRE | RADIO_FIBRE | EXT_OTT_ACCESS | EXT_OTT_TVBASIC | FIBRE_BASIC | HD | LIVE | SVOD | VOD | VOD_24;0;;;;;;;;;;
32401490;29/12/2019 09:40;23/12/2019 05:36;FIBRE;BYT;30189;31.35.37.0;BBOX_FIBRE | RADIO_FIBRE | EXT_OTT_ACCESS | EXT_OTT_TVBASIC | FIBRE_BASIC | HD | LIVE | SVOD | VOD | VOD_24;1;272011933100388;;;;;;;;;
22091301;19/03/2021 06:55;18/03/2021 22:59;XDSL;FT;50412;176.154.8.70;BBOX_FT | RADIO_FT | EXT_OTT_ACCESS | EXT_OTT_TVBASIC | HD | IPTV_FT_BASIC | IPTV_FT_BASIC_ADVANC | IPTV_STO | LIVE | SVOD | VOD | VOD_24;1;271011818410135;;;;;;;;;
25354826;19/03/2021 07:20;18/03/2021 20:14;XDSL;FT;76259;176.155.80.51;BBOX_FT | RADIO_FT | HD | IPTV_FT_BASIC | IPTV_FT_BASIC_ADVANC | LIVE | SVOD | VOD | VOD_24;1;222060442639528;;;;;;;;;
34149294;28/06/2021 12:42;15/06/2021 10:25;FIBRE;BYT;69275;89.88.133.202;BBOX_FIBRE | RADIO_FIBRE | EXT_OTT_ACCESS | EXT_OTT_TVBASIC | FIBRE_BASIC | FIBRE_OL_TV | HD | IPTV_STO | LIVE | SVOD | VOD | VOD_24;1;271011631612222;;;;;;;;;
33834325;31/03/2021 12:40;22/03/2021 10:57;FIBRE;BYT;62498;87.88.126.62;BBOX_FIBRE | RADIO_FIBRE | EXT_OTT_ACCESS | EXT_OTT_TVBASIC | FIBRE_BASIC | HD | IPTV_STO | LIVE | SVOD | VOD | VOD_24;1;272011024319053;;;;;;;;;
34009480;15/06/2021 15:30;20/05/2021 14:42;FIBRE;BYT;29232;31.38.52.147;BBOX_FIBRE | RADIO_FIBRE | EXT_OTT_ACCESS | EXT_OTT_TVBASIC | FIBRE_BASIC | HD | IPTV_STO | LIVE | SVOD | VOD | VOD_24;1;272011104426240;;;;;;;;;
21042333;14/11/2018 09:44;14/11/2018 07:50;FIBRE;BYT;06083;;BBOX_FIBRE | RADIO_FIBRE | EXT_OTT_ACCESS | EXT_OTT_TVBASIC | FIBRE_BASIC | HD | LIVE | SVOD | VOD | VOD_24;0;;;;;;;;;;
30576544;25/10/2020 08:04;07/08/2018 18:10;XDSL;BYT;14699;89.85.161.136;BBOX_BYT | RADIO_BYT | HD | IPTV_BYT_BASIC | LIVE | PVR_40 | SVOD | VOD | VOD_24;1;222060442253536;;;;;;;;;
34638546;21/08/2021 17:01;13/08/2021 10:28;FIBRE;BYT;75115;176.159.60.237;BBOX_FIBRE | RADIO_FIBRE | EXT_OTT_ACCESS | EXT_OTT_TVBASIC | FIBRE_BASIC | HD | LIVE | SVOD | VOD | VOD_24;1;272011107112144;;;;;;;;;
31931131;03/09/2021 02:26;22/08/2019 22:06;XDSL;BYT;33063;176.175.98.234;BBOX_BYT | RADIO_BYT | EXT_OTT_ACCESS | EXT_OTT_TVBASIC | HD | IPTV_BYT_BASIC | IPTV_BYT_BASIC_ADVAN | LIVE | SVOD | TIME | VOD | VOD_24;1;271011751303479;;;;;;;;;
26857028;30/03/2019 16:23;30/03/2019 12:47;FIBRE;BYT;92023;176.159.9.150;BBOX_FIBRE | RADIO_FIBRE | EXT_OTT_ACCESS | EXT_OTT_TVBASIC | FIBRE_BASIC | FIBRE_BBOXCINE_ES | HD | LIVE | SVOD | VOD | VOD_24;1;272011832518854;;;;;;;;;
33226311;;01/10/2020 09:45;FIBRE;BYT;54547;;BBOX_FIBRE | RADIO_FIBRE | EXT_OTT_ACCESS | EXT_OTT_TVBASIC | FIBRE_BASIC | HD | IPTV_STO | LIVE | SVOD | VOD | VOD_24;0;;;;;;;;;;
31351453;29/01/2019 10:27;16/01/2019 21:46;FIBRE;BYT;57606;176.165.117.185;BBOX_FIBRE | RADIO_FIBRE | EXT_OTT_ACCESS | EXT_OTT_TVBASIC | FIBRE_BASIC | HD | IPTV_STO | LIVE | SVOD | VOD | VOD_24;1;272011840622953;;;;;;;;;
32773329;23/04/2021 11:11;22/04/2021 17:56;XDSL;BYT;83050;31.35.252.131;BBOX_BYT | RADIO_BYT | EXT_OTT_ACCESS | EXT_OTT_TVBASIC | IPTV_BYT_BASIC | IPTV_BYT_BASIC_ADVAN | IPTV_BYT_OCS | IPTV_SVOD_OCS | LIVE | SVOD | VOD | VOD_24;1;271011817331886;;;;;;;;;
33503266;;01/07/2021 19:36;FIBRE;BYT;69256;;BBOX_FIBRE | RADIO_FIBRE | EXT_OTT_ACCESS | EXT_OTT_TVBASIC | FIBRE_BASIC | HD | IPTV_STO | LIVE | RISK_2 | SVOD;0;;;;;;;;;;
31610567;19/04/2019 19:11;19/04/2019 15:40;XDSL;FT;70311;176.140.68.175;BBOX_FT | RADIO_FT | EXT_OTT_ACCESS | EXT_OTT_TVBASIC | HD | IPTV_FT_BASIC | IPTV_FT_BASIC_ADVANC | LIVE | SVOD | VOD | VOD_24;1;271011717637200;;;;;;;;;
25600076;25/03/2021 16:00;25/03/2021 09:34;FIBRE;BYT;51454;89.85.97.152;BBOX_FIBRE | RADIO_FIBRE | EXT_OTT_ACCESS | EXT_OTT_TVBASIC | FIBRE_BASIC | FIBRE_BBOXCINE | FIBRE_BEIN_CRYP1 | FIBRE_BEIN_CRYP2 | FIBRE_BEIN_CRYP3 | FIBRE_BEIN_SPORT | FIBRE_DIVERTI | HD | IPTV_STO | LIVE | SVOD | VOD | VOD_24;1;272011043311693;;;;;;;;;
21930317;;07/02/2022 14:36;FIBRE;BYT;75116;;BBOX_FIBRE | RADIO_FIBRE | EXT_OTT_ACCESS | EXT_OTT_TVBASIC | FIBRE_BASIC | HD | IPTV_STO | LIVE | SVOD | VOD | VOD_24;0;;;;;;;;;;
33836968;27/06/2021 21:32;22/03/2021 18:09;FIBRE;BYT;93051;176.183.216.74;BBOX_FIBRE | RADIO_FIBRE | EXT_OTT_ACCESS | EXT_OTT_TVBASIC | FIBRE_BASIC | FIBRE_OCS | HD | IPTV_STO | IPTV_SVOD_OCS | LIVE | MULTI | SVOD | VOD | VOD_24;2;271011649306130;271011721213154;;;;;;;;
33241868;;05/05/2022 06:22;XDSL;BYT;89024;;BBOX_BYT | RADIO_BYT | EXT_OTT_ACCESS | EXT_OTT_TVBASIC | IPTV_BYT_BASIC | IPTV_BYT_BASIC_ADVAN | IPTV_STO | LIVE | SVOD | VOD | VOD_24;0;;;;;;;;;;
23399268;05/03/2018 09:37;23/03/2016 07:47;FIBRE;BYT;75119;176.158.138.201;BBOX_FIBRE | RADIO_FIBRE | EXT_OTT_ACCESS | EXT_OTT_TVBASIC | FIBRE_BASIC | HD | LIVE | SVOD | VOD | VOD_24;1;271011533444328;;;;;;;;;
31155460;02/12/2018 13:49;27/11/2018 11:33;XDSL;BYT;63307;176.190.63.167;BBOX_BYT | RADIO_BYT | EXT_OTT_ACCESS | EXT_OTT_TVBASIC | IPTV_BYT_BASIC | IPTV_BYT_BASIC_ADVAN | LIVE | SVOD | VOD | VOD_24;1;271011543011240;;;;;;;;;
31304414;20/01/2019 12:23;07/01/2019 13:36;XDSL;BYT;26362;176.135.210.90;BBOX_BYT | RADIO_BYT | EXT_OTT_ACCESS | EXT_OTT_TVBASIC | HD | IPTV_BYT_BASIC | IPTV_BYT_BASIC_ADVAN | LIVE | SVOD | VOD | VOD_24;1;271011723325170;;;;;;;;;
30468137;20/07/2018 19:41;20/07/2018 19:38;XDSL;FT;59444;176.152.167.126;BBOX_FT | RADIO_FT | EXT_OTT_ACCESS | EXT_OTT_TVBASIC | IPTV_FT_BASIC | IPTV_FT_BASIC_ADVANC | IPTV_STO | LIVE | SVOD | VOD | VOD_24;1;272011815407927;;;;;;;;;
31952780;03/09/2019 14:27;22/08/2019 13:32;FIBRE;BYT;57463;5.48.153.123;BBOX_FIBRE | RADIO_FIBRE | EXT_OTT_ACCESS | EXT_OTT_TVBASIC | FIBRE_BASIC | HD | IPTV_STO | LIVE | SVOD | VOD | VOD_24;1;272011916315854;;;;;;;;;
28544820;01/02/2021 09:05;03/03/2017 17:36;XDSL;BYT;78498;100.64.97.148;BBOX_BYT | RADIO_BYT | EXT_OTT_ACCESS | EXT_OTT_TVBASIC | HD | IPTV_BYT_BASIC | IPTV_BYT_BASIC_ADVAN | LIVE | SVOD | VOD | VOD_24;1;271011648410834;;;;;;;;;
31228881;09/08/2021 18:33;07/08/2021 15:33;FIBRE;BYT;69288;89.89.186.69;BBOX_FIBRE | RADIO_FIBRE | EXT_OTT_ACCESS | EXT_OTT_TVBASIC | FIBRE_BASIC | HD | LIVE | SVOD | VOD | VOD_24;1;272011109116523;;;;;;;;;
34804872;09/09/2021 19:34;30/08/2021 07:44;FIBRE;BYT;59279;176.172.194.145;BBOX_FIBRE | RADIO_FIBRE | EXT_OTT_ACCESS | EXT_OTT_TVBASIC | FIBRE_BASIC | HD | LIVE | SVOD | VOD | VOD_24;1;272011106710641;;;;;;;;;
35820097;22/11/2021 19:30;13/11/2021 10:46;FIBRE;BYT;72181;89.88.251.120;BBOX_FIBRE | RADIO_FIBRE | EXT_OTT_ACCESS | EXT_OTT_TVBASIC | FIBRE_BASIC | HD | IPTV_STO | LIVE | SVOD | VOD | VOD_24;1;272011824113052;;;;;;;;;
33441839;07/12/2020 11:19;29/11/2020 05:21;FIBRE;BYT;67453;176.148.170.253;BBOX_FIBRE | RADIO_FIBRE | EXT_OTT_ACCESS | EXT_OTT_TVBASIC | FIBRE_BASIC | HD | IPTV_MYTF1MAX_INCLUS | IPTV_STO | LIVE | SVOD | VOD | VOD_24;1;272011034415123;;;;;;;;;
27246545;23/04/2016 09:02;04/04/2016 18:11;FIBRE;BYT;69384;;BBOX_FIBRE | RADIO_FIBRE | EXT_OTT_ACCESS | EXT_OTT_TVBASIC | FIBRE_BASIC | HD | LIVE | SVOD | VOD | VOD_24;0;;;;;;;;;;
30237019;02/08/2021 20:05;01/08/2021 01:36;XDSL;BYT;13035;176.145.163.153;BBOX_BYT | RADIO_BYT | EXT_OTT_ACCESS | EXT_OTT_TVBASIC | HD | IPTV_BYT_BASIC | IPTV_BYT_BASIC_ADVAN | LIVE | SVOD | TIME | VOD | VOD_24;1;271011733211618;;;;;;;;;
28298115;30/09/2021 19:49;30/12/2020 10:45;FIBRE;BYT;75106;;BBOX_FIBRE | RADIO_FIBRE | EXT_OTT_ACCESS | EXT_OTT_TVBASIC | FIBRE_BASIC | HD | IPTV_STO | LIVE | SVOD | VOD | VOD_24;0;;;;;;;;;;
34630930;01/02/2022 18:49;12/08/2021 12:25;FIBRE;BYT;62193;176.166.152.122;BBOX_FIBRE | RADIO_FIBRE | EXT_OTT_ACCESS | EXT_OTT_TVBASIC | FIBRE_BASIC | HD | IPTV_STO | LIVE | SVOD | VOD | VOD_24;1;271011533028592;;;;;;;;;
33164796;20/09/2021 16:17;08/09/2021 22:04;FIBRE;BYT;76217;176.183.237.174;BBOX_FIBRE | RADIO_FIBRE | EXT_OTT_ACCESS | EXT_OTT_TVBASIC | FIBRE_BASIC | HD | IPTV_STO | LIVE | SVOD | VOD | VOD_24;1;272011122528332;;;;;;;;;
21148653;01/09/2017 14:27;17/07/2017 13:33;XDSL;FT;73051;176.153.109.13;BBOX_FT | RADIO_FT | EXT_OTT_ACCESS | EXT_OTT_TVBASIC | HD | IPTV_FT_BASIC | IPTV_FT_BASIC_ADVANC | LIVE | SVOD | TIME | VOD | VOD_24;1;271011647206613;;;;;;;;;
32712563;19/05/2021 11:13;07/05/2020 06:24;FIBRE;BYT;92040;5.51.245.87;BBOX_FIBRE | RADIO_FIBRE | EXT_OTT_ACCESS | EXT_OTT_TVBASIC | FIBRE_BASIC | HD | IPTV_STO | LIVE | SVOD | VOD | VOD_24;1;272011852123569;;;;;;;;;
32614638;28/09/2021 03:48;02/03/2020 11:46;FIBRE;BYT;93007;176.182.249.14;BBOX_FIBRE | RADIO_FIBRE | EXT_OTT_ACCESS | EXT_OTT_TVBASIC | FIBRE_BASIC | HD | IPTV_STO | LIVE | SVOD | VOD | VOD_24;1;272011939420954;;;;;;;;;
21041448;17/11/2021 13:40;17/05/2011 00:00;XDSL;BYT;69383;176.134.196.85;BBOX_BYT | RADIO_BYT | EXT_OTT_ACCESS | EXT_OTT_TVBASIC | IPTV_BYT_BASIC | IPTV_BYT_BASIC_ADVAN | LIVE | SVOD | VOD | VOD_24;1;271011702404384;;;;;;;;;
31002386;03/04/2021 14:17;13/10/2018 13:17;FIBRE;BYT;75120;176.151.111.33;BBOX_FIBRE | RADIO_FIBRE | EXT_OTT_ACCESS | EXT_OTT_TVBASIC | FIBRE_BASIC | HD | IPTV_MYTF1MAX | IPTV_STO | LIVE | SVOD | VOD | VOD_24;1;272011739708509;;;;;;;;;
27564696;01/09/2021 11:59;01/09/2021 07:33;FIBRE;BYT;77180;;BBOX_FIBRE | RADIO_FIBRE | EXT_OTT_ACCESS | EXT_OTT_TVBASIC | FIBRE_BASIC | HD | IPTV_STO | LIVE | SVOD | VOD | VOD_24;0;;;;;;;;;;
24583792;27/10/2017 15:56;04/07/2014 17:34;XDSL;BYT;34172;176.138.103.42;BBOX_BYT | RADIO_BYT | HD | IPTV_BYT_BASIC | LIVE | PVR | SVOD | TIME | VOD | VOD_24;1;222060447408440;;;;;;;;;
21715636;21/12/2021 13:41;26/11/2020 12:53;FIBRE;BYT;51454;87.88.208.174;BBOX_FIBRE | RADIO_FIBRE | EXT_OTT_ACCESS | EXT_OTT_TVBASIC | FIBRE_BASIC | HD | IPTV_STO | LIVE | OTT_LIVE_DRM_STB | SVOD | VOD | VOD_24;1;272011031528696;;;;;;;;;
37468864;07/05/2022 16:23;15/04/2022 14:31;FIBRE;BYT;63453;31.34.172.86;BBOX_FIBRE | RADIO_FIBRE | EXT_OTT_ACCESS | EXT_OTT_TVBASIC | FIBRE_BASIC | HD | IPTV_STO | LIVE | SVOD | VOD | VOD_24;1;271011505420140;;;;;;;;;
23684097;02/05/2022 19:18;12/04/2022 17:10;FIBRE;BYT;52182;176.165.243.141;BBOX_FIBRE | RADIO_FIBRE | EXT_OTT_ACCESS | EXT_OTT_TVBASIC | FIBRE_BASIC | FIBRE_PACK_X | HD | IPTV_STO | LIVE | SVOD | VOD | VOD_24;1;272011016429522;;;;;;;;;
23033731;08/04/2020 20:30;04/07/2018 07:49;FIBRE;BYT;62734;176.174.6.177;BBOX_FIBRE | RADIO_FIBRE | EXT_OTT_ACCESS | EXT_OTT_TVBASIC | FIBRE_BASIC | HD | LIVE | SVOD | VOD | VOD_24;1;272011831300973;;;;;;;;;
25619201;21/07/2021 21:22;20/02/2015 08:07;XDSL;BYT;78640;176.136.237.92;BBOX_BYT | RADIO_BYT | IPTV_BYT_BASIC | LIVE | SVOD | VOD | VOD_24;1;222060545401214;;;;;;;;;
25170403;12/09/2021 11:11;07/11/2014 08:17;XDSL;BYT;33039;176.166.48.216;BBOX_BYT | RADIO_BYT | HD | IPTV_BYT_BASIC | IPTV_BYT_PACK_LUSOPH | LIVE | PVR_40 | SVOD | TIME | VOD | VOD_24;1;222060541102154;;;;;;;;;
31726889;04/06/2019 15:22;29/05/2019 21:32;XDSL;BYT;45142;176.169.101.99;BBOX_BYT | RADIO_BYT | EXT_OTT_ACCESS | EXT_OTT_TVBASIC | HD | IPTV_BYT_BASIC | IPTV_BYT_BASIC_ADVAN | LIVE | OTT_LIVE_DRM_STB | SVOD | TIME | VOD | VOD_24;1;271011712637866;;;;;;;;;
22821754;;11/05/2022 19:29;FIBRE;BYT;14656;;BBOX_FIBRE | RADIO_FIBRE | EXT_OTT_ACCESS | FIBRE_BASIC | HD | IPTV_STO | LIVE | MULTI | SVOD | VOD | VOD_24;0;;;;;;;;;;
28876264;08/06/2022 09:44;20/06/2017 05:42;XDSL;BYT;51454;100.67.163.31;BBOX_BYT | RADIO_BYT | EXT_OTT_ACCESS | EXT_OTT_TVBASIC | HD | IPTV_BYT_BASIC | IPTV_BYT_BASIC_ADVAN | IPTV_PBCANALB | LIVE | SVOD | VOD | VOD_24;1;271011713639531;;;;;;;;;
26136492;23/06/2021 18:14;11/07/2015 08:06;XDSL;BYT;33527;89.81.209.11;BBOX_BYT | RADIO_BYT | EXT_OTT_ACCESS | EXT_OTT_TVBASIC | HD | IPTV_BYT_BASIC | IPTV_BYT_BASIC_ADVAN | IPTV_STO | LIVE | SVOD | TIME | VOD | VOD_24;1;271011710630947;;;;;;;;;
21445715;10/09/2020 18:36;12/06/2014 12:34;XDSL;AX;07138;89.94.240.196;BBOX_BYT | RADIO_BYT | EXT_OTT_ACCESS | EXT_OTT_TVBASIC | HD | IPTV_BYT_BASIC | IPTV_BYT_BASIC_ADVAN | LIVE | SVOD | VOD | VOD_24;1;271011648304383;;;;;;;;;
32976154;18/08/2020 18:10;10/08/2020 22:32;FIBRE;BYT;14221;89.85.177.128;BBOX_FIBRE | RADIO_FIBRE | EXT_OTT_ACCESS | EXT_OTT_TVBASIC | FIBRE_BASIC | FIBRE_OCS | HD | IPTV_STO | IPTV_SVOD_OCS | LIVE | SVOD | VOD | VOD_24;1;272011017403815;;;;;;;;;
31543035;09/06/2020 17:00;09/04/2020 20:10;FIBRE;BYT;21231;128.78.115.46;BBOX_FIBRE | RADIO_FIBRE | EXT_OTT_ACCESS | EXT_OTT_TVBASIC | FIBRE_BASIC | HD | IPTV_STO | LIVE | SVOD | VOD | VOD_24;1;272011944709375;;;;;;;;;
20611197;15/12/2021 17:54;13/08/2021 09:33;FIBRE;BYT;66136;5.48.47.166;BBOX_FIBRE | RADIO_FIBRE | EXT_OTT_ACCESS | EXT_OTT_TVBASIC | FIBRE_BASIC | HD | IPTV_STO | LIVE | SVOD | VOD | VOD_24;1;272011053613608;;;;;;;;;
33116244;10/06/2021 16:02;10/06/2021 15:33;FIBRE;BYT;14587;176.137.88.127;BBOX_FIBRE | RADIO_FIBRE | EXT_OTT_ACCESS | EXT_OTT_TVBASIC | FIBRE_BASIC | HD | IPTV_STO | LIVE | SVOD | VOD | VOD_24;1;272011852128840;;;;;;;;;
36614945;11/05/2022 06:06;21/01/2022 13:48;FIBRE;BYT;95018;94.239.243.43;BBOX_FIBRE | RADIO_FIBRE | EXT_OTT_ACCESS | EXT_OTT_TVBASIC | FIBRE_BASIC | HD | IPTV_STO | LIVE | SVOD | VOD | VOD_24;1;271011523112471;;;;;;;;;
33033088;15/03/2022 11:11;25/08/2020 16:54;FIBRE;BYT;51454;100.67.170.109;BBOX_FIBRE | RADIO_FIBRE | EXT_OTT_ACCESS | EXT_OTT_TVBASIC | FIBRE_BASIC | HD | IPTV_MYTF1MAX_INCLUS | IPTV_STO | LIVE | SVOD | VOD | VOD_24;1;272011018703502;;;;;;;;;
36928195;02/03/2022 16:46;22/02/2022 20:05;XDSL;FT;13040;176.156.133.84;BBOX_FT | RADIO_FT | EXT_OTT_ACCESS | EXT_OTT_TVBASIC | HD | IPTV_FT_BASIC | IPTV_FT_BASIC_ADVANC | IPTV_STO | LIVE | SVOD | TIME | VOD | VOD_24;1;271011717103328;;;;;;;;;
37369751;13/04/2022 09:37;05/04/2022 20:00;FIBRE;BYT;78586;176.160.212.2;BBOX_FIBRE | RADIO_FIBRE | EXT_OTT_ACCESS | EXT_OTT_TVBASIC | FIBRE_BASIC | HD | IPTV_STO | LIVE | SVOD | VOD | VOD_24;1;214023139316230;;;;;;;;;
34041138;17/04/2022 15:57;31/05/2021 17:09;FIBRE;BYT;62040;176.174.73.194;BBOX_FIBRE | RADIO_FIBRE | EXT_OTT_ACCESS | EXT_OTT_TVBASIC | FIBRE_BASIC | HD | IPTV_MYTF1MAX_INCLUS | IPTV_STO | LIVE | SVOD | VOD | VOD_24;1;272011101326807;;;;;;;;;
30647101;01/09/2018 16:43;22/08/2018 15:45;XDSL;BYT;44109;176.150.165.227;BBOX_BYT | RADIO_BYT | EXT_OTT_ACCESS | EXT_OTT_TVBASIC | HD | IPTV_BYT_BASIC | IPTV_BYT_BASIC_ADVAN | IPTV_BYT_JEUNESSEB | IPTV_STO | LIVE | SVOD | TIME | VOD | VOD_24;1;272011816701229;;;;;;;;;
32879836;18/04/2021 15:26;15/04/2021 13:34;FIBRE;BYT;01053;176.150.66.160;BBOX_FIBRE | RADIO_FIBRE | EXT_OTT_ACCESS | EXT_OTT_TVBASIC | FIBRE_BASIC | HD | IPTV_STO | LIVE | SVOD | VOD | VOD_24;1;272011041601632;;;;;;;;;
33884112;;07/04/2021 18:49;FIBRE;BYT;93031;;BBOX_FIBRE | RADIO_FIBRE | EXT_OTT_ACCESS | EXT_OTT_TVBASIC | FIBRE_BASIC | HD | IPTV_STO;0;;;;;;;;;;
37069073;17/03/2022 13:47;08/03/2022 15:44;FIBRE;BYT;41148;31.39.218.142;BBOX_FIBRE | RADIO_FIBRE | EXT_OTT_ACCESS | EXT_OTT_TVBASIC | FIBRE_BASIC | HD | IPTV_NPVR_BASIC_PARC | IPTV_STO | LIVE | NPVR_TYPE | SVOD | VOD | VOD_24;1;214021112644180;;;;;;;;;
27187217;20/02/2022 21:51;22/03/2016 19:44;XDSL;BYT;11262;;BBOX_BYT | RADIO_BYT | IPTV_BYT_BASIC | LIVE | SVOD | VOD | VOD_24;0;;;;;;;;;;
32996476;30/09/2020 11:46;04/09/2020 23:32;FIBRE;BYT;91377;176.143.182.126;BBOX_FIBRE | RADIO_FIBRE | EXT_OTT_ACCESS | EXT_OTT_TVBASIC | FIBRE_BASIC | HD | IPTV_STO | LIVE | SVOD | VOD | VOD_24;1;271011604418060;;;;;;;;;
37649523;20/05/2022 20:50;03/05/2022 13:52;FIBRE;BYT;26198;212.194.49.16;BBOX_FIBRE | RADIO_FIBRE | EXT_OTT_ACCESS | EXT_OTT_TVBASIC | FIBRE_BASIC | HD | IPTV_STO | LIVE | SVOD | VOD | VOD_24;1;271011751319806;;;;;;;;;
37930747;;01/06/2022 10:47;FIBRE;BYT;25462;;BBOX_FIBRE | RADIO_FIBRE | EXT_OTT_ACCESS | EXT_OTT_TVBASIC | FIBRE_BASIC | HD | IPTV_STO | LIVE | SVOD | VOD | VOD_24;0;;;;;;;;;;
27090606;;21/08/2018 09:46;FIBRE;BYT;29254;;BBOX_FIBRE | RADIO_FIBRE | EXT_OTT_ACCESS | EXT_OTT_TVBASIC | FIBRE_BASIC | HD | LIVE | SVOD | VOD | VOD_24;0;;;;;;;;;;
32606722;20/10/2021 09:40;02/03/2020 12:16;FIBRE;BYT;49007;31.35.185.146;BBOX_FIBRE | RADIO_FIBRE | EXT_OTT_ACCESS | EXT_OTT_TVBASIC | FIBRE_BASIC | HD | IPTV_STO | LIVE | OTT_LIVE_DRM_STB | SVOD | VOD | VOD_24;1;272011927303170;;;;;;;;;
30577695;04/03/2022 19:52;29/07/2018 07:39;FIBRE;BYT;94034;94.239.116.181;BBOX_FIBRE | RADIO_FIBRE | EXT_OTT_ACCESS | EXT_OTT_TVBASIC | FIBRE_BASIC | HD | LIVE | MULTI | SVOD | VOD | VOD_24;2;272011813320171;271011604023688;;;;;;;;
27332165;08/07/2019 13:34;10/05/2016 14:37;XDSL;BYT;33108;31.36.42.111;BBOX_BYT | RADIO_BYT | HD | IPTV_BYT_BASIC | LIVE | PVR_40 | SVOD | TIME | VOD | VOD_24;1;222060420515542;;;;;;;;;
32678556;30/04/2022 20:45;08/04/2020 10:18;FIBRE;BYT;69271;176.147.41.25;BBOX_FIBRE | RADIO_FIBRE | EXT_OTT_ACCESS | EXT_OTT_TVBASIC | FIBRE_BASIC | HD | IPTV_MYTF1MAX_INCLUS | IPTV_STO | LIVE | OTT_LIVE_DRM_STB | SVOD | VOD | VOD_24;1;272011825606542;;;;;;;;;
31984078;30/09/2019 18:06;29/09/2019 15:35;XDSL;BYT;66136;89.84.169.102;BBOX_BYT | RADIO_BYT | EXT_OTT_ACCESS | EXT_OTT_TVBASIC | HD | IPTV_BYT_BASIC | IPTV_BYT_BASIC_ADVAN | LIVE | OTT_LIVE_DRM_STB | SVOD | TIME | VOD | VOD_24;1;271011534504039;;;;;;;;;
34842314;16/09/2021 11:44;01/09/2021 17:22;FIBRE;BYT;35210;31.36.236.233;BBOX_FIBRE | RADIO_FIBRE | EXT_OTT_ACCESS | EXT_OTT_TVBASIC | FIBRE_BASIC | HD | IPTV_STO | LIVE | OTT_LIVE_DRM_STB | SVOD | VOD | VOD_24;1;271011606406899;;;;;;;;;
32864236;10/11/2021 08:01;29/06/2020 05:31;FIBRE;BYT;44168;176.177.197.201;BBOX_FIBRE | RADIO_FIBRE | EXT_OTT_ACCESS | EXT_OTT_TVBASIC | FIBRE_BASIC | FIBRE_OCS | HD | IPTV_STO | IPTV_SVOD_OCS | LIVE | OTT_LIVE_DRM_STB | SVOD | VOD | VOD_24;1;272011012200687;;;;;;;;;
37376903;06/05/2022 20:02;06/04/2022 11:27;FIBRE;BYT;77288;176.160.127.249;BBOX_FIBRE | RADIO_FIBRE | EXT_OTT_ACCESS | EXT_OTT_TVBASIC | FIBRE_BASIC | FIBRE_PACK_3 | HD | IPTV_STO | LIVE | SVOD | VOD | VOD_24;1;272011034418564;;;;;;;;;
31224814;23/12/2021 12:10;20/12/2018 19:44;XDSL;BYT;83134;31.35.231.98;BBOX_BYT | RADIO_BYT | EXT_OTT_ACCESS | EXT_OTT_TVBASIC | HD | IPTV_BYT_BASIC | IPTV_BYT_BASIC_ADVAN | IPTV_STO | LIVE | MULTI | OTT_LIVE_DRM_STB | SVOD | TIME | VOD | VOD_24;1;271011742613457;;;;;;;;;
37523197;26/04/2022 17:39;22/04/2022 11:25;XDSL;BYT;59273;176.191.64.75;BBOX_BYT | RADIO_BYT | EXT_OTT_ACCESS | EXT_OTT_TVBASIC | HD | IPTV_BYT_BASIC | IPTV_BYT_BASIC_ADVAN | IPTV_BYT_BBOXCINE | IPTV_BYT_GRAND_ANGLE | IPTV_BYT_OCS | IPTV_SVOD_OCS | LIVE | SVOD | VOD | VOD_24;1;271011729106541;;;;;;;;;
27892079;07/10/2020 16:04;07/10/2020 13:30;FIBRE;BYT;56121;31.38.209.188;BBOX_FIBRE | RADIO_FIBRE | EXT_OTT_ACCESS | EXT_OTT_TVBASIC | FIBRE_BASIC | HD | IPTV_STO | LIVE | SVOD | VOD | VOD_24;1;272011935604866;;;;;;;;;
30436431;19/11/2021 17:49;19/11/2021 15:46;XDSL;BYT;73011;62.35.234.185;BBOX_BYT | RADIO_BYT | EXT_OTT_ACCESS | EXT_OTT_TVBASIC | HD | IPTV_BYT_BASIC | IPTV_BYT_BASIC_ADVAN | LIVE | OTT_LIVE_DRM_STB | SVOD | TIME | VOD | VOD_24;1;271011801400242;;;;;;;;;
20242123;08/07/2017 16:18;22/02/2012 16:10;XDSL;BYT;27397;89.80.246.194;BBOX_BYT | RADIO_BYT | EXT_OTT_ACCESS | EXT_OTT_TVBASIC | IPTV_BYT_BASIC | IPTV_BYT_BASIC_ADVAN | LIVE | SVOD | VOD | VOD_24;1;271011448027226;;;;;;;;;
33946018;02/02/2022 13:58;28/04/2021 16:37;XDSL;BYT;57620;100.66.78.112;BBOX_BYT | RADIO_BYT | EXT_OTT_ACCESS | EXT_OTT_TVBASIC | HD | IPTV_BYT_BASIC | IPTV_BYT_BASIC_ADVAN | IPTV_STO | LIVE | SVOD | TIME | VOD | VOD_24;1;271011721418837;;;;;;;;;
37780148;;14/05/2022 09:16;FIBRE;BYT;43185;;BBOX_FIBRE | RADIO_FIBRE | EXT_OTT_ACCESS | EXT_OTT_TVBASIC | FIBRE_BASIC | HD | IPTV_STO | LIVE | SVOD | VOD | VOD_24;0;;;;;;;;;;
32080579;24/01/2022 12:52;21/09/2019 13:46;FIBRE;BYT;06088;94.238.124.234;BBOX_FIBRE | RADIO_FIBRE | EXT_OTT_ACCESS | EXT_OTT_TVBASIC | FIBRE_BASIC | HD | IPTV_STO | LIVE | SVOD | VOD | VOD_24;1;272011902224623;;;;;;;;;
32008373;31/03/2021 09:37;11/09/2019 21:38;XDSL;BYT;27448;89.80.219.27;BBOX_BYT | RADIO_BYT | EXT_OTT_ACCESS | EXT_OTT_TVBASIC | IPTV_BYT_BASIC | IPTV_BYT_BASIC_ADVAN | LIVE | SVOD | VOD | VOD_24;1;271011716611560;;;;;;;;;
32681592;22/04/2020 10:16;10/04/2020 16:29;FIBRE;BYT;06088;176.151.194.225;BBOX_FIBRE | RADIO_FIBRE | EXT_OTT_ACCESS | EXT_OTT_TVBASIC | FIBRE_BASIC | HD | IPTV_PBCANALB | IPTV_STO | LIVE | SVOD | VOD | VOD_24;1;272011818510859;;;;;;;;;
21339573;11/03/2022 15:10;06/04/2011 00:00;XDSL;BYT;13204;31.37.99.24;BBOX_BYT | RADIO_BYT | EXT_OTT_ACCESS | EXT_OTT_TVBASIC | HD | IPTV_BYT_BASIC | IPTV_BYT_BASIC_ADVAN | IPTV_STO | LIVE | SVOD | VOD | VOD_24;1;272011105719718;;;;;;;;;
32820196;17/02/2022 09:04;14/06/2021 09:43;XDSL;BYT;57221;100.66.95.253;BBOX_BYT | RADIO_BYT | EXT_OTT_ACCESS | EXT_OTT_TVBASIC | HD | IPTV_BYT_BASIC | IPTV_BYT_BASIC_ADVAN | IPTV_BYT_OCS | IPTV_BYT_SALTO | IPTV_SVOD_OCS | LIVE | SVOD | TIME | VOD | VOD_24;1;271011807304521;;;;;;;;;
20922349;22/05/2018 03:21;12/10/2017 07:52;FIBRE;BYT;69381;176.158.108.55;BBOX_FIBRE | RADIO_FIBRE | EXT_OTT_ACCESS | EXT_OTT_TVBASIC | FIBRE_BASIC | HD | LIVE | SVOD | VOD | VOD_24;1;271011647629608;;;;;;;;;
32244055;26/11/2019 16:29;12/11/2019 14:04;FIBRE;BYT;44143;;BBOX_FIBRE | RADIO_FIBRE | EXT_OTT_ACCESS | EXT_OTT_TVBASIC | FIBRE_BASIC | FIBRE_SALTO | HD | LIVE | SVOD | VOD | VOD_24;0;;;;;;;;;;
35265442;04/11/2021 11:59;01/10/2021 19:14;FIBRE;BYT;92035;176.144.201.200;BBOX_FIBRE | RADIO_FIBRE | EXT_OTT_ACCESS | EXT_OTT_TVBASIC | FIBRE_BASIC | HD | LIVE | SVOD | VOD | VOD_24;1;272011102123443;;;;;;;;;
29051554;11/08/2017 19:22;07/08/2017 17:41;XDSL;BYT;67372;128.78.162.119;BBOX_BYT | RADIO_BYT | HD | IPTV_BYT_BASIC | LIVE | SVOD | TIME | VOD | VOD_24;1;222066245402378;;;;;;;;;
36899776;08/03/2022 15:24;19/02/2022 20:08;FIBRE;BYT;93047;176.131.46.13;BBOX_FIBRE | RADIO_FIBRE | EXT_OTT_ACCESS | EXT_OTT_TVBASIC | FIBRE_BASIC | HD | IPTV_STO | LIVE | SVOD | VOD | VOD_24;1;272011018708311;;;;;;;;;
32515721;20/04/2021 11:32;20/04/2021 08:35;FIBRE;BYT;49099;31.35.175.52;BBOX_FIBRE | RADIO_FIBRE | EXT_OTT_ACCESS | EXT_OTT_TVBASIC | FIBRE_BASIC | FIBRE_DIVERTI | HD | IPTV_STO | LIVE | SVOD | VOD | VOD_24;1;272011937204038;;;;;;;;;
32743485;28/09/2020 09:43;22/05/2020 16:43;FIBRE;BYT;59527;176.138.20.146;BBOX_FIBRE | RADIO_FIBRE | EXT_OTT_ACCESS | EXT_OTT_TVBASIC | FIBRE_BASIC | HD | LIVE | SVOD | VOD | VOD_24;1;272011941309245;;;;;;;;;
33778805;27/03/2021 17:32;10/03/2021 16:10;XDSL;BYT;22004;176.149.76.150;BBOX_BYT | RADIO_BYT | EXT_OTT_ACCESS | EXT_OTT_TVBASIC | HD | IPTV_BYT_BASIC | IPTV_BYT_BASIC_ADVAN | IPTV_STO | LIVE | OTT_LIVE_DRM_STB | RISK_2 | SVOD | TIME;1;272011029404892;;;;;;;;;
30863019;10/12/2021 11:51;20/09/2018 06:39;FIBRE;BYT;69266;5.51.151.5;BBOX_FIBRE | RADIO_FIBRE | EXT_OTT_ACCESS | EXT_OTT_TVBASIC | FIBRE_BASIC | HD | IPTV_PBCANALB | IPTV_STO | LIVE | SVOD | VOD | VOD_24;1;272011810509289;;;;;;;;;
31810615;12/07/2019 12:46;03/07/2019 13:31;FIBRE;BYT;35115;176.139.10.27;BBOX_FIBRE | RADIO_FIBRE | EXT_OTT_ACCESS | EXT_OTT_TVBASIC | FIBRE_BASIC | HD | LIVE | SVOD | VOD | VOD_24;1;272011909425876;;;;;;;;;
28667098;07/05/2017 15:38;07/04/2017 17:37;XDSL;BYT;74250;;BBOX_BYT | RADIO_BYT | EXT_OTT_ACCESS | EXT_OTT_TVBASIC | HD | IPTV_BYT_BASIC | IPTV_BYT_BASIC_ADVAN | LIVE | SVOD | TIME | VOD | VOD_24;0;;;;;;;;;;
33694023;15/02/2021 17:47;10/02/2021 12:07;XDSL;FT;83036;;BBOX_FT | RADIO_FT | EXT_OTT_ACCESS | EXT_OTT_TVBASIC | HD | IPTV_FT_BASIC | IPTV_FT_BASIC_ADVANC | IPTV_STO | LIVE | SVOD | TIME | VOD | VOD_24;0;;;;;;;;;;
36224030;;10/12/2021 17:49;FIBRE;BYT;89024;;BBOX_FIBRE | RADIO_FIBRE | EXT_OTT_ACCESS | EXT_OTT_TVBASIC | FIBRE_BASIC | HD | IPTV_STO | LIVE | SVOD | VOD | VOD_24;0;;;;;;;;;;
30909840;14/12/2021 00:47;10/12/2021 16:33;FIBRE;BYT;93055;87.91.56.242;BBOX_FIBRE | RADIO_FIBRE | EXT_OTT_ACCESS | EXT_OTT_TVBASIC | FIBRE_BASIC | HD | IPTV_STO | LIVE | OTT_LIVE_DRM_STB | SVOD | VOD | VOD_24;1;272011818518399;;;;;;;;;
37998547;;07/06/2022 18:04;FIBRE;BYT;62457;;BBOX_FIBRE | RADIO_FIBRE | EXT_OTT_ACCESS | EXT_OTT_TVBASIC | FIBRE_BASIC | HD | IPTV_STO | LIVE | SVOD | VOD | VOD_24;0;;;;;;;;;;
33401587;05/09/2021 17:35;16/11/2020 18:55;FIBRE;BYT;69389;176.185.164.15;BBOX_FIBRE | RADIO_FIBRE | EXT_OTT_ACCESS | EXT_OTT_TVBASIC | FIBRE_BASIC | FIBRE_OCS | FIBRE_OL_TV | HD | IPTV_MYTF1MAX_INCLUS | IPTV_STO | IPTV_SVOD_OCS | LIVE | SVOD | VOD | VOD_24;1;272011031616954;;;;;;;;;
30947921;22/04/2020 15:53;06/10/2018 14:01;XDSL;AX;26107;89.94.129.243;BBOX_BYT | RADIO_BYT | EXT_OTT_ACCESS | EXT_OTT_TVBASIC | HD | IPTV_BYT_BASIC | IPTV_BYT_BASIC_ADVAN | LIVE | OTT_LIVE_DRM_STB | SVOD | TIME | VOD | VOD_24;1;271011711431253;;;;;;;;;
36286661;04/01/2022 10:51;16/12/2021 11:08;FIBRE;BYT;78620;176.160.45.82;BBOX_FIBRE | RADIO_FIBRE | EXT_OTT_ACCESS | EXT_OTT_TVBASIC | FIBRE_BASIC | HD | IPTV_STO | LIVE | SVOD | VOD | VOD_24;1;271011526006985;;;;;;;;;
36232474;29/12/2021 15:21;11/12/2021 16:24;FIBRE;BYT;51562;176.179.124.203;BBOX_FIBRE | RADIO_FIBRE | EXT_OTT_ACCESS | EXT_OTT_TVBASIC | FIBRE_BASIC | FIBRE_JEUNESSE | HD | IPTV_STO | LIVE | SVOD | VOD | VOD_24;1;272011816719635;;;;;;;;;
35765576;26/11/2021 14:44;09/11/2021 19:29;FIBRE;BYT;38281;176.137.190.164;BBOX_FIBRE | RADIO_FIBRE | EXT_OTT_ACCESS | EXT_OTT_TVBASIC | FIBRE_BASIC | HD | IPTV_STO | LIVE | SVOD | VOD | VOD_24;1;271011536508962;;;;;;;;;
34436420;04/08/2021 09:44;20/07/2021 10:43;FIBRE;BYT;92062;176.159.104.203;BBOX_FIBRE | RADIO_FIBRE | EXT_OTT_ACCESS | EXT_OTT_TVBASIC | FIBRE_BASIC | HD | IPTV_MYTF1MAX_INCLUS | IPTV_STO | LIVE | SVOD | VOD | VOD_24;1;271011450612196;;;;;;;;;
32050862;05/01/2022 11:04;08/09/2021 13:33;FIBRE;BYT;62531;176.174.78.8;BBOX_FIBRE | RADIO_FIBRE | EXT_OTT_ACCESS | EXT_OTT_TVBASIC | FIBRE_BASIC | HD | IPTV_STO | LIVE | OTT_LIVE_DRM_STB | SVOD | VOD | VOD_24;1;272011114625922;;;;;;;;;
31896339;15/01/2021 01:49;04/08/2019 06:24;FIBRE;BYT;93029;176.182.221.247;BBOX_FIBRE | RADIO_FIBRE | EXT_OTT_ACCESS | EXT_OTT_TVBASIC | FIBRE_BASIC | FIBRE_SALTO | HD | IPTV_STO | LIVE | MULTI | SVOD | VOD | VOD_24;2;272011020701668;271011604201631;;;;;;;;
32660896;30/03/2020 11:55;19/03/2020 06:06;FIBRE;BYT;77209;31.35.10.135;BBOX_FIBRE | RADIO_FIBRE | EXT_OTT_ACCESS | EXT_OTT_TVBASIC | FIBRE_BASIC | HD | LIVE | SVOD | VOD | VOD_24;1;272011803601853;;;;;;;;;
27819469;18/04/2022 20:22;07/09/2016 22:15;XDSL;BYT;13022;100.65.211.37;BBOX_BYT | RADIO_BYT | HD | IPTV_BYT_BASIC | LIVE | SVOD | VOD | VOD_24;1;222060620307690;;;;;;;;;
31537247;16/07/2020 12:36;16/07/2020 07:30;FIBRE;BYT;62386;87.88.68.156;BBOX_FIBRE | RADIO_FIBRE | EXT_OTT_ACCESS | EXT_OTT_TVBASIC | FIBRE_BASIC | HD | LIVE | MULTI | SVOD | VOD | VOD_24;2;271011821120333;272011952500427;;;;;;;;
32929984;;28/07/2020 08:02;XDSL;BYT;94041;;BBOX_BYT | RADIO_BYT | EXT_OTT_ACCESS | EXT_OTT_TVBASIC | HD | IPTV_BYT_BASIC | IPTV_BYT_BASIC_ADVAN | IPTV_STO | LIVE | SVOD | TIME | VOD | VOD_24;0;;;;;;;;;;
31023940;26/07/2021 12:43;17/02/2021 10:51;FIBRE;BYT;59467;31.37.141.129;BBOX_FIBRE | RADIO_FIBRE | EXT_OTT_ACCESS | EXT_OTT_TVBASIC | FIBRE_BASIC | HD | IPTV_STO | LIVE | OTT_LIVE_DRM_STB | SVOD | VOD | VOD_24;1;272011001509692;;;;;;;;;
32131656;30/06/2021 11:44;07/10/2019 14:58;FIBRE;BYT;34032;89.84.166.130;BBOX_FIBRE | RADIO_FIBRE | EXT_OTT_ACCESS | EXT_OTT_TVBASIC | FIBRE_BASIC | HD | IPTV_STO | LIVE | SVOD | VOD | VOD_24;1;272011916300575;;;;;;;;;
28553182;19/10/2019 19:36;01/03/2017 06:24;FIBRE;BYT;69388;;BBOX_FIBRE | RADIO_FIBRE | EXT_OTT_ACCESS | EXT_OTT_TVBASIC | FIBRE_BASIC | HD;0;;;;;;;;;;
27260339;11/12/2018 19:42;18/10/2018 07:30;FIBRE;BYT;53130;128.78.82.101;BBOX_FIBRE | RADIO_FIBRE | EXT_OTT_ACCESS | EXT_OTT_TVBASIC | FIBRE_BASIC | HD | LIVE | SVOD | VOD | VOD_24;1;222060605527023;;;;;;;;;
33449948;18/05/2022 11:52;01/12/2020 10:45;FIBRE;BYT;51506;176.165.242.16;BBOX_FIBRE | RADIO_FIBRE | EXT_OTT_ACCESS | EXT_OTT_TVBASIC | FIBRE_BASIC | HD | LIVE | SVOD | VOD | VOD_24;1;272011034204444;;;;;;;;;
25168262;04/04/2018 18:33;19/11/2014 08:12;XDSL;BYT;94080;89.87.68.205;BBOX_BYT | RADIO_BYT | HD | IPTV_BYT_BASIC | LIVE | SVOD | TIME | VOD | VOD_24;1;222067313501638;;;;;;;;;
33791214;19/03/2021 18:29;11/03/2021 08:13;FIBRE;BYT;77449;87.91.24.166;BBOX_FIBRE | RADIO_FIBRE | EXT_OTT_ACCESS | EXT_OTT_TVBASIC | FIBRE_BASIC | HD | IPTV_MYTF1MAX_INCLUS | IPTV_STO | LIVE | SVOD | VOD | VOD_24;1;272011043711801;;;;;;;;;
27285849;16/06/2017 19:33;22/04/2016 22:19;XDSL;BYT;35001;;BBOX_BYT | RADIO_BYT | EXT_OTT_ACCESS | EXT_OTT_TVBASIC | HD | IPTV_BYT_BASIC | IPTV_BYT_BASIC_ADVAN | LIVE | SVOD | TIME | VOD | VOD_24;0;;;;;;;;;;
33254056;22/10/2020 10:18;08/10/2020 10:23;FIBRE;BYT;30169;;BBOX_FIBRE | RADIO_FIBRE | EXT_OTT_ACCESS | EXT_OTT_TVBASIC | FIBRE_BASIC | HD | IPTV_STO | LIVE | SVOD | VOD | VOD_24;0;;;;;;;;;;
31777201;01/07/2019 17:47;25/06/2019 17:48;XDSL;BYT;83137;89.83.92.123;BBOX_BYT | RADIO_BYT | EXT_OTT_ACCESS | EXT_OTT_TVBASIC | HD | IPTV_BYT_BASIC | IPTV_BYT_BASIC_ADVAN | LIVE | SVOD | TIME | VOD | VOD_24;1;271011734207276;;;;;;;;;
20127340;21/05/2018 18:54;04/04/2018 07:51;FIBRE;BYT;69382;176.158.125.35;BBOX_FIBRE | RADIO_FIBRE | FIBRE_BASIC | HD | LIVE | PVR_40 | SVOD | VOD | VOD_24;1;222060449316674;;;;;;;;;
28434350;14/09/2017 09:24;24/01/2017 19:33;XDSL;FT;71150;176.140.112.105;BBOX_FT | RADIO_FT | EXT_OTT_ACCESS | EXT_OTT_TVBASIC | HD | IPTV_FT_BASIC | IPTV_FT_BASIC_ADVANC | LIVE | SVOD | TIME | VOD | VOD_24;1;271011702210476;;;;;;;;;
36062961;20/01/2022 12:38;27/11/2021 11:58;FIBRE;BYT;69069;87.89.160.11;BBOX_FIBRE | RADIO_FIBRE | EXT_OTT_ACCESS | EXT_OTT_TVBASIC | FIBRE_BASIC | HD | IPTV_STO | LIVE | OTT_LIVE_DRM_STB | SVOD | VOD | VOD_24;1;272011830317556;;;;;;;;;
32432185;01/06/2021 19:11;01/06/2021 15:34;FIBRE;BYT;59586;;BBOX_FIBRE | RADIO_FIBRE | EXT_OTT_ACCESS | EXT_OTT_TVBASIC | FIBRE_BASIC | HD | IPTV_PLAYZERB | IPTV_STO | LIVE | SVOD | VOD | VOD_24;0;;;;;;;;;;
21643482;05/05/2022 14:45;05/05/2022 10:33;FIBRE;BYT;13206;176.141.109.155;BBOX_FIBRE | RADIO_FIBRE | EXT_OTT_ACCESS | EXT_OTT_TVBASIC | FIBRE_BASIC | HD | IPTV_STO | LIVE | SVOD | VOD | VOD_24;1;271011808208333;;;;;;;;;
30158159;24/05/2022 19:16;05/04/2018 04:31;FIBRE;BYT;64102;89.88.50.179;BBOX_FIBRE | RADIO_FIBRE | EXT_OTT_ACCESS | EXT_OTT_TVBASIC | FIBRE_BASIC | HD | LIVE | SVOD | VOD | VOD_24;1;271011605524361;;;;;;;;;
33021578;16/04/2022 10:02;30/09/2021 07:34;FIBRE;BYT;92024;176.134.167.253;BBOX_FIBRE | RADIO_FIBRE | EXT_OTT_ACCESS | EXT_OTT_TVBASIC | FIBRE_BASIC | HD | LIVE | SVOD | VOD | VOD_24;1;271011514404697;;;;;;;;;
27309374;12/10/2019 18:10;12/05/2016 17:22;XDSL;BYT;35327;176.188.235.43;BBOX_BYT | RADIO_BYT | EXT_OTT_ACCESS | EXT_OTT_TVBASIC | HD | IPTV_BYT_BASIC | IPTV_BYT_BASIC_ADVAN | LIVE | SVOD | VOD | VOD_24;1;271011714604534;;;;;;;;;
36981205;10/03/2022 21:11;28/02/2022 16:10;XDSL;BYT;74119;176.129.57.156;BBOX_BYT | RADIO_BYT | EXT_OTT_ACCESS | EXT_OTT_TVBASIC | HD | IPTV_BYT_BASIC | IPTV_BYT_BASIC_ADVAN | IPTV_STO | LIVE | SVOD | TIME | VOD | VOD_24;1;271011717642390;;;;;;;;;
23003249;19/03/2021 19:08;19/03/2021 05:32;XDSL;FT;83100;176.157.66.132;BBOX_FT | RADIO_FT | IPTV_FT_BASIC | IPTV_FT_BASIC_ADVANC | LIVE | PVR | SVOD | VOD | VOD_24;1;222067324102665;;;;;;;;;
33316637;14/11/2020 13:46;23/10/2020 07:34;FIBRE;BYT;59079;;BBOX_FIBRE | RADIO_FIBRE | EXT_OTT_ACCESS | EXT_OTT_TVBASIC | FIBRE_BASIC | HD | IPTV_STO | LIVE | SVOD | VOD | VOD_24;0;;;;;;;;;;
31185653;20/01/2019 11:04;14/12/2018 11:32;XDSL;FT;83063;176.152.212.211;BBOX_FT | RADIO_FT | EXT_OTT_ACCESS | EXT_OTT_TVBASIC | HD | IPTV_FT_BASIC | IPTV_FT_BASIC_ADVANC | LIVE | SVOD | TIME | VOD | VOD_24;1;271011745311489;;;;;;;;;
35071228;;17/09/2021 15:44;FIBRE;BYT;92012;;BBOX_FIBRE | RADIO_FIBRE | EXT_OTT_ACCESS | EXT_OTT_TVBASIC | FIBRE_BASIC | HD | LIVE | SVOD | VOD | VOD_24;0;;;;;;;;;;
30160595;19/05/2018 03:00;04/04/2018 05:43;FIBRE;BYT;06088;176.151.193.32;BBOX_FIBRE | RADIO_FIBRE | EXT_OTT_ACCESS | EXT_OTT_TVBASIC | FIBRE_BASIC | HD | LIVE | SVOD | VOD | VOD_24;1;271011735121302;;;;;;;;;
27376655;01/09/2021 08:42;13/05/2016 11:28;FIBRE;BYT;75116;176.188.1.63;BBOX_FIBRE | RADIO_FIBRE | EXT_OTT_ACCESS | EXT_OTT_TVBASIC | FIBRE_BASIC | HD | LIVE | SVOD | VOD | VOD_24;1;271011605521854;;;;;;;;;
27228112;20/06/2021 15:59;11/04/2016 18:15;XDSL;BYT;34003;31.34.30.87;BBOX_BYT | RADIO_BYT | EXT_OTT_ACCESS | HD | IPTV_BYT_BASIC | IPTV_STO | LIVE | SVOD | TIME | VOD | VOD_24;1;222060437108307;;;;;;;;;
33397434;23/11/2020 14:42;15/11/2020 09:09;FIBRE;BYT;91549;176.134.27.114;BBOX_FIBRE | RADIO_FIBRE | EXT_OTT_ACCESS | EXT_OTT_TVBASIC | FIBRE_BASIC | HD | IPTV_STO | LIVE | SVOD | VOD | VOD_24;1;272011031600404;;;;;;;;;
28986671;21/11/2017 19:07;28/07/2017 13:38;XDSL;BYT;92063;;BBOX_BYT | RADIO_BYT | EXT_OTT_ACCESS | EXT_OTT_TVBASIC | HD | IPTV_BYT_BASIC | IPTV_BYT_BASIC_ADVAN | LIVE | SVOD | TIME | VOD | VOD_24;0;;;;;;;;;;
32489647;19/02/2020 16:12;23/01/2020 11:00;FIBRE;BYT;06123;176.168.187.91;BBOX_FIBRE | RADIO_FIBRE | EXT_OTT_ACCESS | EXT_OTT_TVBASIC | FIBRE_BASIC | HD | LIVE | SVOD | VOD | VOD_24;1;272011928413630;;;;;;;;;
31760254;13/11/2020 08:39;29/10/2020 20:32;FIBRE;BYT;34192;;BBOX_FIBRE | RADIO_FIBRE | EXT_OTT_ACCESS | EXT_OTT_TVBASIC | FIBRE_BASIC | HD | IPTV_STO | LIVE | SVOD | VOD | VOD_24;0;;;;;;;;;;
20382060;;14/12/2009 23:02;XDSL;BYT;92048;;BBOX_BYT | RADIO_BYT | HD | IPTV_BYT_BASIC | LIVE | SVOD | TIME | VOD | VOD_24;0;;;;;;;;;;
22270803;27/04/2021 05:12;13/12/2017 09:09;FIBRE;BYT;78490;100.64.127.132;BBOX_FIBRE | RADIO_FIBRE | EXT_OTT_ACCESS | EXT_OTT_TVBASIC | FIBRE_BASIC | HD | LIVE | SVOD | VOD | VOD_24;1;271011532311635;;;;;;;;;
31698619;;17/05/2019 14:21;FIBRE;BYT;25388;;BBOX_FIBRE | RADIO_FIBRE | EXT_OTT_ACCESS | EXT_OTT_TVBASIC | FIBRE_BASIC | HD | IPTV_STO | LIVE | SVOD | VOD | VOD_24;0;;;;;;;;;;
35582239;26/02/2022 10:43;26/02/2022 07:33;FIBRE;BYT;49020;31.35.178.95;BBOX_FIBRE | RADIO_FIBRE | EXT_OTT_ACCESS | EXT_OTT_TVBASIC | FIBRE_BASIC | HD | LIVE | SVOD | VOD | VOD_24;1;272011045622428;;;;;;;;;
21698150;06/02/2021 11:10;05/02/2021 16:50;FIBRE;BYT;75120;176.183.248.254;BBOX_FIBRE | RADIO_FIBRE | EXT_OTT_ACCESS | EXT_OTT_TVBASIC | FIBRE_BASIC | HD | IPTV_STO | LIVE | SVOD | VOD | VOD_24;1;272011805208400;;;;;;;;;
36222069;12/01/2022 16:53;28/12/2021 17:00;FIBRE;BYT;34108;89.82.245.1;BBOX_FIBRE | RADIO_FIBRE | EXT_OTT_ACCESS | EXT_OTT_TVBASIC | FIBRE_BASIC | HD | IPTV_STO | LIVE | SVOD | VOD | VOD_24;1;272011102415757;;;;;;;;;
20530237;14/03/2022 13:08;01/03/2022 15:33;FIBRE;BYT;08409;100.66.245.2;BBOX_FIBRE | RADIO_FIBRE | EXT_OTT_ACCESS | EXT_OTT_TVBASIC | FIBRE_BASIC | HD | IPTV_STO | LIVE | OTT_LIVE_DRM_STB | SVOD | VOD | VOD_24;1;272011112105695;;;;;;;;;
33291242;06/06/2022 19:53;17/10/2020 05:16;FIBRE;BYT;83126;176.150.212.72;BBOX_FIBRE | RADIO_FIBRE | EXT_OTT_ACCESS | EXT_OTT_TVBASIC | FIBRE_BASIC | HD | IPTV_MYTF1MAX_INCLUS | LIVE | MULTI | SVOD | VOD | VOD_24;2;272011114627878;272011105114811;;;;;;;;
31130123;16/11/2018 13:30;15/11/2018 17:40;XDSL;BYT;14384;176.166.192.221;BBOX_BYT | RADIO_BYT | EXT_OTT_ACCESS | EXT_OTT_TVBASIC | HD | IPTV_BYT_BASIC | IPTV_BYT_BASIC_ADVAN | IPTV_STO | LIVE | SVOD | TIME | VOD | VOD_24;1;271011630620481;;;;;;;;;
30840398;25/04/2019 02:52;20/09/2018 07:15;XDSL;BYT;50129;31.34.194.229;BBOX_BYT | RADIO_BYT | EXT_OTT_ACCESS | EXT_OTT_TVBASIC | HD | IPTV_BYT_BASIC | IPTV_BYT_BASIC_ADVAN | IPTV_STO | LIVE | SVOD | TIME | VOD | VOD_24;1;271011720401404;;;;;;;;;
34007893;21/06/2021 18:26;19/05/2021 20:06;FIBRE;BYT;13069;176.181.19.168;BBOX_FIBRE | RADIO_FIBRE | EXT_OTT_ACCESS | EXT_OTT_TVBASIC | FIBRE_BASIC | HD | IPTV_STO | LIVE | SVOD | VOD | VOD_24;1;272011926215078;;;;;;;;;
26849689;22/06/2019 11:40;20/06/2019 15:02;FIBRE;BYT;31555;176.175.159.40;BBOX_FIBRE | RADIO_FIBRE | EXT_OTT_ACCESS | EXT_OTT_TVBASIC | FIBRE_BASIC | HD | IPTV_STO | LIVE | SVOD | VOD | VOD_24;1;272011805409842;;;;;;;;;
30251892;05/04/2020 15:12;04/05/2018 05:21;FIBRE;BYT;78208;176.139.110.195;BBOX_FIBRE | RADIO_FIBRE | EXT_OTT_ACCESS | EXT_OTT_TVBASIC | FIBRE_BASIC | HD | LIVE | SVOD | VOD | VOD_24;1;272011815413297;;;;;;;;;
30821760;06/10/2021 15:24;22/10/2020 16:57;FIBRE;BYT;51454;87.88.225.59;BBOX_FIBRE | RADIO_FIBRE | EXT_OTT_ACCESS | EXT_OTT_TVBASIC | FIBRE_BASIC | HD | IPTV_STO | LIVE | SVOD | VOD | VOD_24;1;272011122330879;;;;;;;;;
36209283;;09/12/2021 14:30;FIBRE;BYT;88413;;BBOX_FIBRE | RADIO_FIBRE | EXT_OTT_ACCESS | EXT_OTT_TVBASIC | FIBRE_BASIC | HD | IPTV_STO | LIVE | SVOD | VOD | VOD_24;0;;;;;;;;;;
36320776;29/12/2021 08:49;18/12/2021 17:51;FIBRE;BYT;14738;176.131.17.183;BBOX_FIBRE | RADIO_FIBRE | EXT_OTT_ACCESS | EXT_OTT_TVBASIC | FIBRE_BASIC | HD | IPTV_STO | LIVE | OTT_LIVE_DRM_STB | SVOD | VOD | VOD_24;1;272011020523005;;;;;;;;;
28214619;06/05/2022 10:51;06/05/2022 07:33;FIBRE;BYT;06112;31.37.215.248;BBOX_FIBRE | RADIO_FIBRE | EXT_OTT_ACCESS | EXT_OTT_TVBASIC | FIBRE_BASIC | HD | IPTV_STO | LIVE | SVOD | VOD | VOD_24;1;271011515108875;;;;;;;;;
22498459;16/11/2020 10:42;16/11/2020 07:30;FIBRE;BYT;06157;62.35.139.225;BBOX_FIBRE | RADIO_FIBRE | EXT_OTT_ACCESS | EXT_OTT_TVBASIC | FIBRE_BASIC | FIBRE_BBOXCINE | HD | IPTV_NPVR_BASIC_PARC | IPTV_PBCANALB | IPTV_STO | LIVE | NPVR_TYPE | SVOD | VOD | VOD_24;1;272011030224685;;;;;;;;;
31550014;29/03/2019 09:35;23/03/2019 04:15;FIBRE;BYT;78242;89.90.32.51;BBOX_FIBRE | RADIO_FIBRE | EXT_OTT_ACCESS | EXT_OTT_TVBASIC | FIBRE_BASIC | FIBRE_BBOXCINE | FIBRE_OCS | HD | IPTV_STO | IPTV_SVOD_OCS | LIVE | OTT_LIVE_DRM_STB | SVOD | VOD | VOD_24;1;272011839206396;;;;;;;;;
29048851;07/04/2022 10:55;07/04/2022 08:33;FIBRE;BYT;29233;31.38.235.191;BBOX_FIBRE | RADIO_FIBRE | EXT_OTT_ACCESS | EXT_OTT_TVBASIC | FIBRE_BASIC | HD | LIVE | SVOD | VOD | VOD_24;1;271011636335183;;;;;;;;;
21448040;24/03/2022 16:19;24/03/2022 11:33;FIBRE;BYT;16226;176.138.248.43;BBOX_FIBRE | RADIO_FIBRE | EXT_OTT_ACCESS | EXT_OTT_TVBASIC | FIBRE_BASIC | HD | IPTV_STO | LIVE | SVOD | VOD | VOD_24;1;271011804217668;;;;;;;;;
29265106;01/03/2022 15:01;24/10/2019 16:51;FIBRE;BYT;59421;100.67.138.124;BBOX_FIBRE | RADIO_FIBRE | EXT_OTT_ACCESS | EXT_OTT_TVBASIC | FIBRE_BASIC | HD | LIVE | SVOD | VOD | VOD_24;1;272011833102542;;;;;;;;;
33844575;19/04/2022 12:37;24/03/2021 18:46;FIBRE;BYT;75115;176.183.137.163;BBOX_FIBRE | RADIO_FIBRE | EXT_OTT_ACCESS | EXT_OTT_TVBASIC | FIBRE_BASIC | HD | IPTV_STO | LIVE | SVOD | VOD | VOD_24;1;272011911502951;;;;;;;;;
25437809;16/11/2021 18:03;06/01/2015 19:44;XDSL;BYT;59350;31.37.186.73;BBOX_BYT | RADIO_BYT | HD | IPTV_BYT_BASIC | LIVE | PVR_40 | SVOD | VOD | VOD_24;1;222060445425875;;;;;;;;;
34676932;;17/08/2021 20:16;FIBRE;BYT;69089;;BBOX_FIBRE | RADIO_FIBRE | EXT_OTT_ACCESS | EXT_OTT_TVBASIC | FIBRE_BASIC | HD | LIVE | SVOD | VOD | VOD_24;0;;;;;;;;;;
33027227;22/07/2021 19:39;28/08/2020 16:09;XDSL;BYT;59328;31.37.188.102;BBOX_BYT | RADIO_BYT | EXT_OTT_ACCESS | EXT_OTT_TVBASIC | IPTV_BYT_BASIC | IPTV_BYT_BASIC_ADVAN | LIVE | SVOD | VOD | VOD_24;1;271011644005778;;;;;;;;;
27972524;;26/09/2016 14:46;XDSL;BYT;35238;;BBOX_BYT | RADIO_BYT | EXT_OTT_ACCESS | EXT_OTT_TVBASIC | HD | IPTV_BYT_BASIC | IPTV_BYT_BASIC_ADVAN | LIVE | SVOD | TIME | VOD | VOD_24;0;;;;;;;;;;
31362919;27/04/2021 09:23;24/06/2019 10:51;FIBRE;BYT;77373;100.64.29.229;BBOX_FIBRE | RADIO_FIBRE | EXT_OTT_ACCESS | EXT_OTT_TVBASIC | FIBRE_BASIC | HD | LIVE | SVOD | VOD | VOD_24;1;272011903723193;;;;;;;;;
23050392;29/06/2021 11:01;22/06/2021 09:38;FIBRE;BYT;75101;176.170.93.179;BBOX_FIBRE | RADIO_FIBRE | EXT_OTT_ACCESS | EXT_OTT_TVBASIC | FIBRE_BASIC | HD | IPTV_STO | LIVE | SVOD | VOD | VOD_24;1;272011101404059;;;;;;;;;
21469082;22/04/2021 15:03;22/04/2021 11:36;FIBRE;BYT;66195;31.34.2.152;BBOX_FIBRE | RADIO_FIBRE | EXT_OTT_ACCESS | EXT_OTT_TVBASIC | FIBRE_BASIC | HD | IPTV_STO | LIVE | SVOD | VOD | VOD_24;1;272011047607492;;;;;;;;;
27857554;08/07/2019 09:17;08/07/2019 07:48;FIBRE;BYT;26362;176.166.232.56;BBOX_FIBRE | RADIO_FIBRE | EXT_OTT_ACCESS | EXT_OTT_TVBASIC | FIBRE_BASIC | HD | LIVE | SVOD | VOD | VOD_24;1;272011910112083;;;;;;;;;
33458018;05/12/2020 12:03;01/12/2020 21:04;FIBRE;BYT;06079;31.37.218.227;BBOX_FIBRE | RADIO_FIBRE | EXT_OTT_ACCESS | EXT_OTT_TVBASIC | FIBRE_BASIC | HD | IPTV_STO | LIVE | SVOD | VOD | VOD_24;1;272011029520309;;;;;;;;;
29334403;29/09/2017 19:42;27/09/2017 13:53;XDSL;BYT;36044;;BBOX_BYT | RADIO_BYT | HD | IPTV_BYT_BASIC | LIVE | SVOD | TIME | VOD | VOD_24;0;;;;;;;;;;
33757482;08/03/2021 16:51;02/03/2021 07:42;FIBRE;BYT;49007;31.35.178.166;BBOX_FIBRE | RADIO_FIBRE | EXT_OTT_ACCESS | EXT_OTT_TVBASIC | FIBRE_BASIC | FIBRE_SALTO | HD | IPTV_MYTF1MAX_INCLUS | IPTV_STO | LIVE | OTT_LIVE_DRM_STB | SVOD | VOD | VOD_24;1;272011044506242;;;;;;;;;
33510358;18/12/2020 13:31;13/12/2020 16:02;FIBRE;BYT;59504;176.174.123.172;BBOX_FIBRE | RADIO_FIBRE | EXT_OTT_ACCESS | EXT_OTT_TVBASIC | FIBRE_BASIC | FIBRE_DISNEY | HD | IPTV_STO | LIVE | OTT_LIVE_DRM_STB | SVOD | VOD | VOD_24;1;272011035320777;;;;;;;;;
28997294;27/01/2021 18:43;24/07/2017 19:45;XDSL;BYT;08409;176.150.127.166;BBOX_BYT | RADIO_BYT | EXT_OTT_ACCESS | EXT_OTT_TVBASIC | HD | IPTV_BYT_BASIC | IPTV_BYT_BASIC_ADVAN | LIVE | SVOD | TIME | VOD | VOD_24;1;271011721213881;;;;;;;;;
33576923;15/01/2021 16:37;06/01/2021 05:31;FIBRE;BYT;69382;87.89.190.224;BBOX_FIBRE | RADIO_FIBRE | EXT_OTT_ACCESS | EXT_OTT_TVBASIC | FIBRE_BASIC | HD | IPTV_PBCANALB | IPTV_STO | LIVE | SVOD | VOD | VOD_24;1;272011034101921;;;;;;;;;
30837639;28/09/2018 10:03;18/09/2018 20:05;XDSL;FT;86165;176.184.250.181;BBOX_FT | RADIO_FT | EXT_OTT_ACCESS | EXT_OTT_TVBASIC | HD | IPTV_FT_BASIC | IPTV_FT_BASIC_ADVANC | IPTV_FT_JEUNESSEB | IPTV_STO | LIVE | SVOD | VOD | VOD_24;1;272011828301851;;;;;;;;;
33821334;22/04/2022 14:07;17/03/2021 15:55;FIBRE;BYT;44143;176.188.217.2;BBOX_FIBRE | RADIO_FIBRE | EXT_OTT_ACCESS | EXT_OTT_TVBASIC | FIBRE_BASIC | HD | IPTV_MYTF1MAX_INCLUS | IPTV_STO | LIVE | SVOD | VOD | VOD_24;1;272011044212312;;;;;;;;;
20501639;14/05/2021 11:45;23/01/2018 15:49;FIBRE;BYT;75117;176.185.249.57;BBOX_FIBRE | RADIO_FIBRE | EXT_OTT_ACCESS | EXT_OTT_TVBASIC | FIBRE_BASIC | HD | IPTV_MYTF1MAX_INCLUS | LIVE | SVOD | VOD | VOD_24;1;271011737103134;;;;;;;;;
27753176;21/07/2017 12:08;21/08/2016 06:11;XDSL;BYT;74224;213.44.130.204;BBOX_BYT | RADIO_BYT | HD | IPTV_BYT_BASIC | LIVE | PVR_40 | SVOD | TIME | VOD | VOD_24;1;222060502602051;;;;;;;;;
32767067;25/02/2021 14:40;09/06/2020 02:16;XDSL;FT;56122;176.163.229.90;BBOX_FT | RADIO_FT | EXT_OTT_ACCESS | EXT_OTT_TVBASIC | HD | IPTV_FT_BASIC | IPTV_FT_BASIC_ADVANC | IPTV_FT_BBOXCINE | IPTV_FT_DIVERTI | IPTV_STO | LIVE | SVOD | VOD | VOD_24;1;272011039523491;;;;;;;;;
21484635;29/06/2017 17:47;15/09/2011 12:41;XDSL;BYT;63113;176.190.26.11;BBOX_BYT | RADIO_BYT | IPTV_BYT_BASIC | LIVE | PVR_40 | SVOD | VOD | VOD_24;1;222060545510626;;;;;;;;;
31266503;28/12/2018 14:39;21/12/2018 05:38;FIBRE;BYT;57463;176.165.173.224;BBOX_FIBRE | RADIO_FIBRE | EXT_OTT_ACCESS | EXT_OTT_TVBASIC | FIBRE_BASIC | FIBRE_PACK_3 | HD | IPTV_STO | LIVE | SVOD | VOD | VOD_24;1;272011829422300;;;;;;;;;
24032700;11/03/2014 20:08;10/03/2014 20:34;XDSL;AX;72299;;BBOX_BYT | RADIO_BYT | HD | IPTV_BYT_BASIC | LIVE | PVR_40 | SVOD | TIME | VOD | VOD_24;0;;;;;;;;;;
29819211;19/07/2021 10:40;12/07/2021 15:18;XDSL;BYT;44143;176.166.214.163;BBOX_BYT | RADIO_BYT | EXT_OTT_ACCESS | EXT_OTT_TVBASIC | HD | IPTV_BYT_BASIC | IPTV_BYT_BASIC_ADVAN | IPTV_BYT_SALTO | LIVE | SVOD | TIME | VOD | VOD_24;1;271011728304063;;;;;;;;;
21008390;15/11/2019 17:05;14/11/2019 16:30;FIBRE;BYT;95424;176.186.26.58;BBOX_FIBRE | RADIO_FIBRE | EXT_OTT_ACCESS | EXT_OTT_TVBASIC | FIBRE_BASIC | HD | IPTV_STO | LIVE | SVOD | VOD | VOD_24;1;272011812210043;;;;;;;;;
32327963;01/09/2021 19:01;03/12/2019 17:44;FIBRE;BYT;75110;62.34.102.66;BBOX_FIBRE | RADIO_FIBRE | EXT_OTT_ACCESS | EXT_OTT_TVBASIC | FIBRE_BASIC | HD | IPTV_STO | LIVE | SVOD | VOD | VOD_24;1;272011828608164;;;;;;;;;
30440556;30/09/2021 22:05;28/09/2021 15:54;FIBRE;BYT;93073;;BBOX_FIBRE | RADIO_FIBRE | EXT_OTT_ACCESS | EXT_OTT_TVBASIC | FIBRE_BASIC | HD | IPTV_STO | LIVE | SVOD | VOD | VOD_24;0;;;;;;;;;;
33237994;18/10/2020 20:18;17/10/2020 22:01;XDSL;FT;30152;176.155.173.252;BBOX_FT | RADIO_FT | EXT_OTT_ACCESS | EXT_OTT_TVBASIC | HD | IPTV_FT_BASIC | IPTV_FT_BASIC_ADVANC | IPTV_FT_BBOXCINE_ES | IPTV_FT_SALTO | IPTV_STO | LIVE | SVOD | VOD | VOD_24;1;271011750329053;;;;;;;;;
33694819;26/02/2021 16:17;11/02/2021 11:22;FIBRE;BYT;95063;94.239.197.218;BBOX_FIBRE | RADIO_FIBRE | EXT_OTT_ACCESS | EXT_OTT_TVBASIC | FIBRE_BASIC | HD | IPTV_STO | LIVE | OTT_LIVE_DRM_STB | SVOD | VOD | VOD_24;1;272011028113601;;;;;;;;;
32369567;27/12/2019 13:40;16/12/2019 16:45;FIBRE;BYT;92032;87.91.167.36;BBOX_FIBRE | RADIO_FIBRE | EXT_OTT_ACCESS | EXT_OTT_TVBASIC | FIBRE_BASIC | HD | IPTV_STO | LIVE | SVOD | VOD | VOD_24;1;272011804408480;;;;;;;;;
27369652;15/11/2021 20:02;15/11/2021 16:33;FIBRE;BYT;06027;62.35.158.82;BBOX_FIBRE | RADIO_FIBRE | EXT_OTT_ACCESS | EXT_OTT_TVBASIC | FIBRE_BASIC | HD | IPTV_STO | LIVE | SVOD | VOD | VOD_24;1;272011011408059;;;;;;;;;
33905975;;14/04/2021 14:31;FIBRE;BYT;75102;;BBOX_FIBRE | RADIO_FIBRE | EXT_OTT_ACCESS | EXT_OTT_TVBASIC | FIBRE_BASIC | HD | IPTV_STO | LIVE | SVOD | VOD | VOD_24;0;;;;;;;;;;
30674053;08/06/2022 09:40;24/08/2018 14:34;XDSL;BYT;59183;100.67.196.122;BBOX_BYT | RADIO_BYT | EXT_OTT_ACCESS | EXT_OTT_TVBASIC | HD | IPTV_BYT_BASIC | IPTV_BYT_BASIC_ADVAN | LIVE | SVOD | VOD | VOD_24;1;271011519111362;;;;;;;;;
26265032;06/02/2018 18:40;26/08/2015 14:14;XDSL;BYT;62323;176.180.3.98;BBOX_BYT | RADIO_BYT | EXT_OTT_ACCESS | EXT_OTT_TVBASIC | HD | IPTV_BYT_BASIC | IPTV_BYT_BASIC_ADVAN | LIVE | SVOD | VOD | VOD_24;1;271011534108963;;;;;;;;;
36597912;21/02/2022 10:18;20/01/2022 14:47;FIBRE;BYT;68334;176.191.27.78;BBOX_FIBRE | RADIO_FIBRE | EXT_OTT_ACCESS | EXT_OTT_TVBASIC | FIBRE_BASIC | HD | IPTV_STO | LIVE | SVOD | VOD | VOD_24;1;272011109615706;;;;;;;;;
27202986;27/05/2021 15:04;23/03/2016 11:40;FIBRE;BYT;91477;176.165.34.233;BBOX_FIBRE | RADIO_FIBRE | EXT_OTT_ACCESS | EXT_OTT_TVBASIC | FIBRE_BASIC | HD | LIVE | SVOD | VOD | VOD_24;1;271011634603913;;;;;;;;;
21672626;10/11/2021 16:29;28/02/2020 08:47;FIBRE;BYT;69290;176.146.2.64;BBOX_FIBRE | RADIO_FIBRE | EXT_OTT_ACCESS | EXT_OTT_TVBASIC | FIBRE_BASIC | HD | LIVE | MULTI | SVOD | VOD | VOD_24;2;272011924111378;271011646202969;;;;;;;;
32836387;29/07/2021 11:29;05/07/2021 09:08;FIBRE;BYT;62555;89.85.53.77;BBOX_FIBRE | RADIO_FIBRE | EXT_OTT_ACCESS | EXT_OTT_TVBASIC | FIBRE_BASIC | HD | IPTV_STO | LIVE | SVOD | VOD | VOD_24;1;272011914703374;;;;;;;;;
32108281;23/11/2021 02:02;01/10/2019 15:45;FIBRE;BYT;33063;176.141.144.74;BBOX_FIBRE | RADIO_FIBRE | EXT_OTT_ACCESS | EXT_OTT_TVBASIC | FIBRE_BASIC | FIBRE_PCK_SPORT | HD | IPTV_STO | LIVE | MULTI | SVOD | VOD | VOD_24;2;271011749202049;272011813105077;;;;;;;;
27261381;11/05/2022 15:48;10/05/2022 15:03;XDSL;BYT;84129;100.65.57.64;BBOX_BYT | RADIO_BYT | EXT_OTT_ACCESS | EXT_OTT_TVBASIC | HD | IPTV_BYT_BASIC | IPTV_BYT_BASIC_ADVAN | LIVE | SVOD | TIME | VOD | VOD_24;1;271011608231048;;;;;;;;;
33488768;05/05/2022 13:57;09/12/2020 07:51;FIBRE;BYT;30189;31.34.35.232;BBOX_FIBRE | RADIO_FIBRE | EXT_OTT_ACCESS | EXT_OTT_TVBASIC | FIBRE_BASIC | FIBRE_SALTO | HD | IPTV_STO | LIVE | MULTI | SVOD | VOD | VOD_24;2;272011035311727;272011032511659;;;;;;;;
37101889;21/03/2022 17:29;10/03/2022 16:43;FIBRE;BYT;14177;176.131.17.157;BBOX_FIBRE | RADIO_FIBRE | EXT_OTT_ACCESS | EXT_OTT_TVBASIC | FIBRE_BASIC | HD | IPTV_STO | LIVE | SVOD | VOD | VOD_24;1;214023139316479;;;;;;;;;
24890978;28/05/2020 21:44;26/02/2020 08:47;FIBRE;BYT;02334;87.90.210.160;BBOX_FIBRE | RADIO_FIBRE | EXT_OTT_ACCESS | EXT_OTT_TVBASIC | FIBRE_BASIC | HD | LIVE | MULTI | SVOD | VOD | VOD_24;2;272011914110141;271011745222876;;;;;;;;
32491619;03/02/2020 14:56;23/01/2020 13:21;FIBRE;BYT;78165;176.169.18.61;BBOX_FIBRE | RADIO_FIBRE | EXT_OTT_ACCESS | EXT_OTT_TVBASIC | FIBRE_BASIC | HD | IPTV_STO | LIVE | SVOD | VOD | VOD_24;1;272011816514044;;;;;;;;;
34510863;06/08/2021 18:50;29/07/2021 14:50;FIBRE;BYT;67204;176.180.151.10;BBOX_FIBRE | RADIO_FIBRE | EXT_OTT_ACCESS | EXT_OTT_TVBASIC | FIBRE_BASIC | FIBRE_GRAND_ANGLE | HD | IPTV_STO | LIVE | SVOD | VOD | VOD_24;1;272011041103803;;;;;;;;;
26079973;03/06/2017 21:52;03/07/2015 08:36;XDSL;BYT;66136;;BBOX_BYT | RADIO_BYT | HD | IPTV_BYT_BASIC | LIVE | SVOD | TIME | VOD | VOD_24;0;;;;;;;;;;
28644436;26/06/2021 10:45;12/05/2021 17:04;XDSL;BYT;64445;89.88.77.66;BBOX_BYT | RADIO_BYT | EXT_OTT_ACCESS | EXT_OTT_TVBASIC | HD | IPTV_BYT_BASIC | IPTV_BYT_BASIC_ADVAN | LIVE | SVOD | TIME | VOD | VOD_24;1;271011817333445;;;;;;;;;
34051054;30/12/2021 09:33;02/06/2021 19:43;FIBRE;BYT;60057;176.168.239.151;BBOX_FIBRE | RADIO_FIBRE | EXT_OTT_ACCESS | EXT_OTT_TVBASIC | FIBRE_BASIC | FIBRE_PACK_3 | HD | IPTV_STO | LIVE | SVOD | VOD | VOD_24;1;272011928401114;;;;;;;;;
34735694;16/09/2021 13:31;24/08/2021 11:26;FIBRE;BYT;42218;176.190.44.202;BBOX_FIBRE | RADIO_FIBRE | EXT_OTT_ACCESS | EXT_OTT_TVBASIC | FIBRE_BASIC | HD | LIVE | SVOD | VOD | VOD_24;1;272011118209814;;;;;;;;;
36970038;30/03/2022 18:13;26/02/2022 14:03;FIBRE;BYT;27681;89.80.203.254;BBOX_FIBRE | RADIO_FIBRE | EXT_OTT_ACCESS | EXT_OTT_TVBASIC | FIBRE_BASIC | HD | IPTV_STO | LIVE | RISK_2 | SVOD;1;272011013703861;;;;;;;;;
30373041;19/06/2018 13:08;07/06/2018 06:56;FIBRE;BYT;69389;176.185.161.154;BBOX_FIBRE | RADIO_FIBRE | EXT_OTT_ACCESS | EXT_OTT_TVBASIC | FIBRE_BASIC | HD | IPTV_STO | LIVE | SVOD | VOD | VOD_24;1;271011747116027;;;;;;;;;
32549584;06/10/2021 02:34;09/02/2020 12:14;FIBRE;BYT;33522;195.36.242.215;BBOX_FIBRE | RADIO_FIBRE | EXT_OTT_ACCESS | EXT_OTT_TVBASIC | FIBRE_BASIC | HD | IPTV_STO | LIVE | SVOD | VOD | VOD_24;1;272011943114346;;;;;;;;;
32402741;05/02/2020 09:38;30/12/2019 17:52;FIBRE;BYT;69282;176.145.19.59;BBOX_FIBRE | RADIO_FIBRE | EXT_OTT_ACCESS | EXT_OTT_TVBASIC | FIBRE_BASIC | HD | IPTV_STO | LIVE | SVOD | VOD | VOD_24;1;272011934701192;;;;;;;;;
23021077;02/02/2022 12:22;10/01/2022 12:37;FIBRE;BYT;58303;94.238.133.55;BBOX_FIBRE | RADIO_FIBRE | EXT_OTT_ACCESS | EXT_OTT_TVBASIC | FIBRE_BASIC | HD | LIVE | SVOD | VOD | VOD_24;1;272011910409448;;;;;;;;;
35326502;25/10/2021 14:39;14/10/2021 18:01;FIBRE;BYT;71119;89.91.170.64;BBOX_FIBRE | RADIO_FIBRE | EXT_OTT_ACCESS | EXT_OTT_TVBASIC | FIBRE_BASIC | HD | IPTV_STO | LIVE | SVOD | VOD | VOD_24;1;271011735315979;;;;;;;;;
33873330;23/06/2021 22:32;03/04/2021 13:36;FIBRE;BYT;67464;176.148.177.58;BBOX_FIBRE | RADIO_FIBRE | EXT_OTT_ACCESS | EXT_OTT_TVBASIC | FIBRE_BASIC | FIBRE_GRAND_ANGLE | HD | IPTV_PLAYZERB | IPTV_STO | LIVE | MULTI | SVOD | VOD | VOD_24;2;272011051616132;272011051621652;;;;;;;;
32857320;02/08/2021 16:30;30/06/2020 14:05;XDSL;BYT;69149;87.89.190.182;BBOX_BYT | RADIO_BYT | EXT_OTT_ACCESS | EXT_OTT_TVBASIC | HD | IPTV_BYT_BASIC | IPTV_BYT_BASIC_ADVAN | LIVE | SVOD | TIME | VOD | VOD_24;1;271011725607393;;;;;;;;;
28373539;04/06/2020 16:10;04/06/2020 16:06;FIBRE;BYT;38185;176.191.125.6;BBOX_FIBRE | RADIO_FIBRE | EXT_OTT_ACCESS | EXT_OTT_TVBASIC | FIBRE_BASIC | HD | IPTV_STO | LIVE | SVOD | VOD | VOD_24;1;272011837713229;;;;;;;;;
24755953;24/08/2014 10:57;20/08/2014 08:23;XDSL;BYT;10387;;BBOX_BYT | RADIO_BYT | IPTV_BYT_BASIC | IPTV_BYT_BASIC_ADVAN | LIVE | PVR_40 | SVOD | VOD | VOD_24;0;;;;;;;;;;
35292197;24/10/2021 17:29;04/10/2021 23:12;FIBRE;BYT;92063;176.185.194.184;BBOX_FIBRE | RADIO_FIBRE | EXT_OTT_ACCESS | EXT_OTT_TVBASIC | FIBRE_BASIC | HD | LIVE | OTT_LIVE_DRM_STB | SVOD | VOD | VOD_24;1;272011825406471;;;;;;;;;
31784097;23/07/2021 12:31;01/07/2019 17:33;XDSL;FT;59324;176.152.167.129;BBOX_FT | RADIO_FT | EXT_OTT_ACCESS | EXT_OTT_TVBASIC | HD | IPTV_FT_BASIC | IPTV_FT_BASIC_ADVANC | IPTV_STO | LIVE | SVOD | VOD | VOD_24;1;271011818608852;;;;;;;;;
20528060;29/12/2020 16:41;28/12/2020 15:11;XDSL;BYT;31555;5.48.217.92;BBOX_BYT | RADIO_BYT | HD | IPTV_BYT_BASIC | LIVE | SVOD | TIME | VOD | VOD_24;1;222060642609420;;;;;;;;;
32693102;09/05/2020 13:30;23/04/2020 06:55;FIBRE;BYT;62724;87.88.74.191;BBOX_FIBRE | RADIO_FIBRE | EXT_OTT_ACCESS | EXT_OTT_TVBASIC | FIBRE_BASIC | HD | LIVE | OTT_LIVE_DRM_STB | SVOD | VOD | VOD_24;1;271011643605917;;;;;;;;;
29555300;23/12/2017 17:58;09/11/2017 14:07;XDSL;AX;49299;89.95.29.121;BBOX_BYT | RADIO_BYT | EXT_OTT_ACCESS | EXT_OTT_TVBASIC | HD | IPTV_BYT_BASIC | IPTV_BYT_BASIC_ADVAN | LIVE | SVOD | VOD | VOD_24;1;271011542631782;;;;;;;;;
27461582;16/05/2018 02:16;11/06/2016 18:45;FIBRE;BYT;75119;176.158.168.54;BBOX_FIBRE | RADIO_FIBRE | EXT_OTT_ACCESS | EXT_OTT_TVBASIC | FIBRE_BASIC | HD | LIVE | SVOD | VOD | VOD_24;1;271011541107750;;;;;;;;;
30893775;02/10/2018 23:13;24/09/2018 17:10;FIBRE;BYT;69266;176.185.169.125;BBOX_FIBRE | RADIO_FIBRE | EXT_OTT_ACCESS | EXT_OTT_TVBASIC | FIBRE_BASIC | FIBRE_SALTO | HD | LIVE | SVOD | VOD | VOD_24;1;272011819109750;;;;;;;;;
26000243;02/06/2022 12:59;23/05/2022 11:29;FIBRE;BYT;86024;31.35.146.140;BBOX_FIBRE | RADIO_FIBRE | EXT_OTT_ACCESS | EXT_OTT_TVBASIC | FIBRE_BASIC | HD | IPTV_STO | LIVE | SVOD | VOD | VOD_24;1;272011847715123;;;;;;;;;
32563008;27/02/2020 13:31;14/02/2020 06:08;FIBRE;BYT;69290;176.146.22.137;BBOX_FIBRE | RADIO_FIBRE | EXT_OTT_ACCESS | EXT_OTT_TVBASIC | FIBRE_BASIC | FIBRE_BEIN_CRYP1 | FIBRE_BEIN_CRYP2 | FIBRE_BEIN_CRYP3 | FIBRE_BEIN_SPORT | FIBRE_JEUNESSE | FIBRE_OCS | HD | IPTV_STO | IPTV_SVOD_OCS | LIVE | SVOD | VOD | VOD_24;1;271011646100619;;;;;;;;;
32483181;25/03/2022 11:40;21/01/2020 18:38;FIBRE;BYT;42187;176.142.151.155;BBOX_FIBRE | RADIO_FIBRE | EXT_OTT_ACCESS | EXT_OTT_TVBASIC | FIBRE_BASIC | FIBRE_OCS | HD | IPTV_STO | IPTV_SVOD_OCS | LIVE | OTT_LIVE_DRM_STB | SVOD | VOD | VOD_24;1;272011939422802;;;;;;;;;
34609942;01/03/2022 10:27;10/08/2021 12:42;FIBRE;BYT;59271;100.67.203.25;BBOX_FIBRE | RADIO_FIBRE | EXT_OTT_ACCESS | EXT_OTT_TVBASIC | FIBRE_BASIC | HD | IPTV_STO | LIVE | SVOD | VOD | VOD_24;1;271011608505185;;;;;;;;;
31828144;01/12/2020 18:01;01/12/2020 16:51;FIBRE;BYT;13031;89.82.91.6;BBOX_FIBRE | RADIO_FIBRE | EXT_OTT_ACCESS | EXT_OTT_TVBASIC | FIBRE_BASIC | FIBRE_OCS | FIBRE_SALTO | HD | IPTV_STO | IPTV_SVOD_OCS | LIVE | MULTI | OTT_LIVE_DRM_STB | SVOD | VOD | VOD_24;2;272011849101058;272011905513899;;;;;;;;
37815729;31/05/2022 09:06;18/05/2022 17:20;FIBRE;BYT;06155;89.80.21.24;BBOX_FIBRE | RADIO_FIBRE | EXT_OTT_ACCESS | EXT_OTT_TVBASIC | FIBRE_BASIC | HD | IPTV_STO | LIVE | SVOD | VOD | VOD_24;1;271011504312314;;;;;;;;;
34641792;30/08/2021 13:33;13/08/2021 14:24;XDSL;BYT;75118;87.89.239.46;BBOX_BYT | RADIO_BYT | EXT_OTT_ACCESS | EXT_OTT_TVBASIC | HD | IPTV_BYT_BASIC | IPTV_BYT_BASIC_ADVAN | LIVE | SVOD | TIME | VOD | VOD_24;1;271011614228780;;;;;;;;;
31311413;09/09/2021 20:28;08/09/2021 14:07;XDSL;FT;08111;176.155.33.136;BBOX_FT | RADIO_FT | EXT_OTT_ACCESS | EXT_OTT_TVBASIC | HD | IPTV_FT_BASIC | IPTV_FT_BASIC_ADVANC | IPTV_FT_BLACKPILLS | IPTV_FT_CHAINE_STAR | IPTV_FT_JEUNESSEB | IPTV_FT_PACK_MUSIC | IPTV_STO | LIVE | SVOD | VOD | VOD_24;1;272011052510235;;;;;;;;;
37446196;29/04/2022 12:52;13/04/2022 17:22;FIBRE;BYT;95252;94.239.195.39;BBOX_FIBRE | RADIO_FIBRE | EXT_OTT_ACCESS | EXT_OTT_TVBASIC | FIBRE_BASIC | HD | IPTV_STO | LIVE | SVOD | VOD | VOD_24;1;214023131410957;;;;;;;;;
31877335;13/06/2021 15:15;01/08/2019 15:36;XDSL;BYT;13071;100.65.93.170;BBOX_BYT | RADIO_BYT | EXT_OTT_ACCESS | EXT_OTT_TVBASIC | HD | IPTV_BYT_BASIC | IPTV_BYT_BASIC_ADVAN | LIVE | SVOD | TIME | VOD | VOD_24;1;271011614031457;;;;;;;;;
35058667;13/10/2021 13:53;16/09/2021 19:29;FIBRE;BYT;84007;;BBOX_FIBRE | RADIO_FIBRE | EXT_OTT_ACCESS | EXT_OTT_TVBASIC | FIBRE_BASIC | HD | IPTV_STO | LIVE | SVOD | VOD | VOD_24;0;;;;;;;;;;
27091816;21/11/2018 14:43;21/11/2018 07:52;FIBRE;BYT;92002;87.89.18.92;BBOX_FIBRE | RADIO_FIBRE | EXT_OTT_ACCESS | EXT_OTT_TVBASIC | FIBRE_BASIC | HD | LIVE | SVOD | VOD | VOD_24;1;272011829108263;;;;;;;;;
22976657;12/05/2018 10:45;17/01/2013 16:08;XDSL;FT;44066;176.152.111.2;BBOX_FT | RADIO_FT | HD | IPTV_FT_BASIC | LIVE | PVR_40 | SVOD | VOD | VOD_24;1;222068307406966;;;;;;;;;
31732275;11/05/2022 11:03;02/08/2019 09:30;FIBRE;BYT;59350;31.37.185.107;BBOX_FIBRE | RADIO_FIBRE | EXT_OTT_ACCESS | EXT_OTT_TVBASIC | FIBRE_BASIC | HD | IPTV_STO | LIVE | SVOD | VOD | VOD_24;1;214023134164429;;;;;;;;;
28806199;04/02/2020 19:41;03/02/2020 15:27;FIBRE;BYT;72181;31.33.153.15;BBOX_FIBRE | RADIO_FIBRE | EXT_OTT_ACCESS | EXT_OTT_TVBASIC | FIBRE_BASIC | HD | IPTV_STO | LIVE | SVOD | VOD | VOD_24;1;272011903723979;;;;;;;;;
33758318;27/12/2021 13:57;01/03/2021 13:04;FIBRE;BYT;94068;176.138.152.247;BBOX_FIBRE | RADIO_FIBRE | EXT_OTT_ACCESS | EXT_OTT_TVBASIC | FIBRE_BASIC | HD | IPTV_STO | LIVE | SVOD | VOD | VOD_24;1;272011041603224;;;;;;;;;
21726734;17/07/2017 00:15;04/08/2014 19:24;XDSL;BYT;14325;89.85.164.77;BBOX_BYT | RADIO_BYT | HD | IPTV_BYT_BASIC | LIVE | SVOD | VOD | VOD_24;1;222060426601494;;;;;;;;;
33740441;12/03/2021 16:28;24/02/2021 11:17;FIBRE;BYT;78642;62.34.57.87;BBOX_FIBRE | RADIO_FIBRE | EXT_OTT_ACCESS | EXT_OTT_TVBASIC | FIBRE_BASIC | HD | IPTV_STO | LIVE | SVOD | VOD | VOD_24;1;271011722442190;;;;;;;;;
22639592;05/12/2020 09:20;04/12/2020 12:37;FIBRE;BYT;92071;87.90.242.155;BBOX_FIBRE | RADIO_FIBRE | EXT_OTT_ACCESS | EXT_OTT_TVBASIC | FIBRE_BASIC | HD | IPTV_STO | LIVE | SVOD | VOD | VOD_24;1;272011029323290;;;;;;;;;
33577744;14/01/2021 18:06;14/01/2021 14:10;XDSL;FT;50070;176.154.22.132;BBOX_FT | RADIO_FT | EXT_OTT_ACCESS | EXT_OTT_TVBASIC | IPTV_FT_BASIC | IPTV_FT_BASIC_ADVANC | IPTV_STO | LIVE | OTT_LIVE_DRM_STB | SVOD | VOD | VOD_24;1;272011836607521;;;;;;;;;
35356381;18/10/2021 17:27;08/10/2021 13:36;FIBRE;BYT;78686;89.95.61.5;BBOX_FIBRE | RADIO_FIBRE | EXT_OTT_ACCESS | EXT_OTT_TVBASIC | FIBRE_BASIC | HD | IPTV_STO | LIVE | SVOD | VOD | VOD_24;1;271011620617232;;;;;;;;;
23044892;26/04/2018 20:11;19/03/2013 14:10;XDSL;BYT;64445;31.37.95.163;BBOX_BYT | RADIO_BYT | IPTV_BYT_BASIC | IPTV_BYT_BASIC_ADVAN | LIVE | PVR | SVOD | VOD | VOD_24;1;222068306602664;;;;;;;;;
28643108;;01/06/2022 13:24;XDSL;BYT;67204;;BBOX_BYT | RADIO_BYT | IPTV_BYT_BASIC | IPTV_BYT_GRAND_ANGLE | LIVE | PVR_40 | SVOD | VOD | VOD_24;0;;;;;;;;;;
22289879;14/11/2018 13:08;31/05/2012 08:33;XDSL;BYT;01332;87.90.116.192;BBOX_BYT | RADIO_BYT | HD | IPTV_BYT_BASIC | LIVE | PVR_40 | SVOD | VOD | VOD_24;1;221065107105716;;;;;;;;;
31267839;07/06/2022 16:51;21/12/2018 06:06;FIBRE;BYT;95582;128.78.99.34;BBOX_FIBRE | RADIO_FIBRE | EXT_OTT_ACCESS | EXT_OTT_TVBASIC | FIBRE_BASIC | HD | IPTV_STO | LIVE | SVOD | VOD | VOD_24;1;272011113401200;;;;;;;;;
30582042;27/07/2021 18:25;27/07/2021 13:33;FIBRE;BYT;35245;94.238.48.139;BBOX_FIBRE | RADIO_FIBRE | EXT_OTT_ACCESS | EXT_OTT_TVBASIC | FIBRE_BASIC | HD | LIVE | SVOD | VOD | VOD_24;1;272011105723355;;;;;;;;;
20666129;11/12/2018 16:44;15/06/2010 20:28;XDSL;BYT;89387;;BBOX_BYT | RADIO_BYT | IPTV_BYT_BASIC | LIVE | PVR_40 | SVOD | VOD | VOD_24;0;;;;;;;;;;
31108839;22/04/2022 13:37;14/11/2018 21:38;XDSL;BYT;38072;89.88.132.251;BBOX_BYT | RADIO_BYT | EXT_OTT_ACCESS | EXT_OTT_TVBASIC | HD | IPTV_BYT_BASIC | IPTV_BYT_BASIC_ADVAN | IPTV_STO | LIVE | OTT_LIVE_DRM_STB | SVOD | VOD | VOD_24;1;271011645515288;;;;;;;;;
34067349;21/06/2021 18:50;07/06/2021 20:17;FIBRE;BYT;13201;;BBOX_FIBRE | RADIO_FIBRE | EXT_OTT_ACCESS | EXT_OTT_TVBASIC | FIBRE_BASIC | HD | IPTV_STO | LIVE | SVOD | VOD | VOD_24;0;;;;;;;;;;
20239221;27/04/2022 08:44;20/01/2020 11:06;FIBRE;BYT;13207;176.141.106.249;BBOX_FIBRE | RADIO_FIBRE | EXT_OTT_ACCESS | EXT_OTT_TVBASIC | FIBRE_BASIC | HD | LIVE | SVOD | VOD | VOD_24;1;272011938200472;;;;;;;;;
38017118;;08/06/2022 18:03;XDSL;BYT;45123;;BBOX_BYT | RADIO_BYT | EXT_OTT_ACCESS | EXT_OTT_TVBASIC | IPTV_BYT_BASIC | IPTV_BYT_BASIC_ADVAN | IPTV_STO | LIVE | SVOD | VOD | VOD_24;0;;;;;;;;;;
26318640;29/02/2016 19:49;28/08/2015 08:09;XDSL;FT;85128;176.139.134.218;BBOX_FT | RADIO_FT | IPTV_FT_BASIC | LIVE | PVR_40 | SVOD | VOD | VOD_24;1;222060504415486;;;;;;;;;
30663438;20/11/2021 17:05;19/11/2021 10:59;FIBRE;BYT;56260;31.39.14.48;BBOX_FIBRE | RADIO_FIBRE | EXT_OTT_ACCESS | EXT_OTT_TVBASIC | FIBRE_BASIC | HD | IPTV_STO | LIVE | SVOD | VOD | VOD_24;1;272011111214886;;;;;;;;;
33508578;13/05/2022 20:06;12/05/2022 17:03;XDSL;AX;42330;89.94.32.125;BBOX_BYT | RADIO_BYT | EXT_OTT_ACCESS | EXT_OTT_TVBASIC | HD | IPTV_BYT_BASIC | IPTV_BYT_BASIC_ADVAN | LIVE | SVOD | TIME | VOD | VOD_24;1;271011520102749;;;;;;;;;
29862885;11/05/2022 13:14;10/01/2018 05:54;FIBRE;BYT;13208;176.144.142.112;BBOX_FIBRE | RADIO_FIBRE | EXT_OTT_ACCESS | EXT_OTT_TVBASIC | FIBRE_BASIC | HD | IPTV_MYTF1MAX_INCLUS | LIVE | SVOD | VOD | VOD_24;1;271011723417274;;;;;;;;;
31507364;29/06/2020 10:30;29/06/2020 07:53;FIBRE;BYT;69264;176.168.1.13;BBOX_FIBRE | RADIO_FIBRE | EXT_OTT_ACCESS | EXT_OTT_TVBASIC | FIBRE_BASIC | HD | IPTV_PBCANALB | IPTV_STO | LIVE | SVOD | VOD | VOD_24;1;272011002612610;;;;;;;;;
26253338;01/03/2022 09:52;05/08/2019 09:33;FIBRE;BYT;59508;100.67.138.180;BBOX_FIBRE | RADIO_FIBRE | EXT_OTT_ACCESS | EXT_OTT_TVBASIC | FIBRE_BASIC | HD | IPTV_STO | LIVE | SVOD | VOD | VOD_24;1;272011846612784;;;;;;;;;
28258993;;22/12/2016 20:19;XDSL;BYT;93005;;BBOX_BYT | RADIO_BYT | IPTV_BYT_BASIC | LIVE | SVOD | VOD | VOD_24;0;;;;;;;;;;
21328873;;31/03/2011 00:00;XDSL;BYT;75117;;BBOX_BYT | RADIO_BYT | HD | IPTV_BYT_BASIC | LIVE | SVOD | TIME | VOD | VOD_24;0;;;;;;;;;;
34717118;11/02/2022 21:13;21/08/2021 17:46;FIBRE;BYT;67180;100.66.26.135;BBOX_FIBRE | RADIO_FIBRE | EXT_OTT_ACCESS | EXT_OTT_TVBASIC | FIBRE_BASIC | HD | LIVE | OTT_LIVE_DRM_STB | SVOD | VOD | VOD_24;1;272011103627533;;;;;;;;;
36278841;21/01/2022 12:20;15/12/2021 17:44;FIBRE;BYT;01289;89.82.11.69;BBOX_FIBRE | RADIO_FIBRE | EXT_OTT_ACCESS | EXT_OTT_TVBASIC | FIBRE_BASIC | HD | IPTV_STO | LIVE | OTT_LIVE_DRM_STB | SVOD | VOD | VOD_24;1;272011905100317;;;;;;;;;
28080792;10/03/2022 19:18;20/10/2016 17:50;XDSL;BYT;77005;100.64.53.150;BBOX_BYT | RADIO_BYT | EXT_OTT_ACCESS | EXT_OTT_TVBASIC | HD | IPTV_BYT_BASIC | IPTV_BYT_BASIC_ADVAN | LIVE | SVOD | VOD | VOD_24;1;271011608605407;;;;;;;;;
33074763;20/04/2022 17:35;04/09/2020 23:30;FIBRE;BYT;94073;176.187.164.53;BBOX_FIBRE | RADIO_FIBRE | EXT_OTT_ACCESS | EXT_OTT_TVBASIC | FIBRE_BASIC | HD | IPTV_STO | LIVE | SVOD | VOD | VOD_24;1;272011022410862;;;;;;;;;
27034847;10/05/2022 14:12;10/05/2022 09:33;FIBRE;BYT;10387;212.195.195.110;BBOX_FIBRE | RADIO_FIBRE | EXT_OTT_ACCESS | EXT_OTT_TVBASIC | FIBRE_BASIC | HD | IPTV_STO | LIVE | SVOD | VOD | VOD_24;1;272011107423392;;;;;;;;;
37369114;14/04/2022 18:33;05/04/2022 19:15;XDSL;BYT;13201;31.37.121.222;BBOX_BYT | RADIO_BYT | EXT_OTT_ACCESS | EXT_OTT_TVBASIC | HD | IPTV_BYT_BASIC | IPTV_BYT_BASIC_ADVAN | LIVE | SVOD | TIME | VOD | VOD_24;1;271011720615136;;;;;;;;;
24963724;10/06/2021 13:48;09/10/2014 07:34;XDSL;BYT;75111;5.48.100.160;BBOX_BYT | RADIO_BYT | HD | IPTV_BYT_BASIC | IPTV_BYT_BASIC_ADVAN | LIVE | SVOD | VOD | VOD_24;1;222060448503611;;;;;;;;;
32210389;18/03/2020 22:59;30/10/2019 19:15;FIBRE;BYT;42218;31.36.144.25;BBOX_FIBRE | RADIO_FIBRE | EXT_OTT_ACCESS | EXT_OTT_TVBASIC | FIBRE_BASIC | HD | LIVE | SVOD | VOD | VOD_24;1;272011923411803;;;;;;;;;
31049629;07/09/2021 23:22;06/09/2021 17:33;FIBRE;BYT;53140;87.90.70.44;BBOX_FIBRE | RADIO_FIBRE | EXT_OTT_ACCESS | EXT_OTT_TVBASIC | FIBRE_BASIC | HD | IPTV_STO | LIVE | OTT_LIVE_DRM_STB | SVOD | VOD | VOD_24;1;272011936202561;;;;;;;;;
32689353;13/05/2020 21:15;28/04/2020 16:08;XDSL;BYT;62550;31.39.246.60;BBOX_BYT | RADIO_BYT | EXT_OTT_ACCESS | EXT_OTT_TVBASIC | HD | IPTV_BYT_BASIC | IPTV_BYT_BASIC_ADVAN | IPTV_BYT_SALTO | LIVE | SVOD | TIME | VOD | VOD_24;1;271011514312254;;;;;;;;;
29170048;03/09/2017 21:04;01/09/2017 05:36;XDSL;BYT;30028;176.134.239.184;BBOX_BYT | RADIO_BYT | HD | IPTV_BYT_ARABE_MAXI | IPTV_BYT_BASIC | LIVE | SVOD | VOD | VOD_24;1;222067310410254;;;;;;;;;
24517295;09/04/2020 20:26;19/05/2018 07:30;FIBRE;BYT;95063;176.150.86.79;BBOX_FIBRE | RADIO_FIBRE | FIBRE_BASIC | HD | LIVE | PVR_40 | SVOD | USAGE_REPORT | VOD | VOD_24;1;222067315216607;;;;;;;;;
33321023;01/09/2021 12:31;13/07/2021 18:33;XDSL;BYT;94046;62.35.112.163;BBOX_BYT | RADIO_BYT | EXT_OTT_ACCESS | EXT_OTT_TVBASIC | HD | IPTV_BYT_BASIC | IPTV_BYT_BASIC_ADVAN | IPTV_STO | LIVE | SVOD | TIME | VOD | VOD_24;1;271011651407768;;;;;;;;;
23173967;05/11/2021 15:46;05/11/2021 13:33;FIBRE;BYT;59594;176.171.174.240;BBOX_FIBRE | RADIO_FIBRE | EXT_OTT_ACCESS | EXT_OTT_TVBASIC | FIBRE_BASIC | HD | IPTV_STO | LIVE | SVOD | VOD | VOD_24;1;272011827414507;;;;;;;;;
32885095;01/03/2022 15:42;09/07/2020 18:10;XDSL;BYT;54314;100.66.100.52;BBOX_BYT | RADIO_BYT | EXT_OTT_ACCESS | EXT_OTT_TVBASIC | HD | IPTV_BYT_BASIC | IPTV_BYT_BASIC_ADVAN | LIVE | OTT_LIVE_DRM_STB | SVOD | TIME | VOD | VOD_24;1;271011734200875;;;;;;;;;
33236289;;03/10/2020 09:00;FIBRE;BYT;75117;;BBOX_FIBRE | RADIO_FIBRE | EXT_OTT_ACCESS | EXT_OTT_TVBASIC | FIBRE_BASIC | HD | IPTV_STO | LIVE | SVOD | VOD | VOD_24;0;;;;;;;;;;
31509391;05/10/2021 13:47;05/10/2021 07:34;FIBRE;BYT;17415;87.90.224.137;BBOX_FIBRE | RADIO_FIBRE | EXT_OTT_ACCESS | EXT_OTT_TVBASIC | FIBRE_BASIC | HD | IPTV_STO | LIVE | SVOD | VOD | VOD_24;1;272011118603727;;;;;;;;;
24234606;;25/05/2022 14:00;FIBRE;BYT;21617;;BBOX_FIBRE | RADIO_FIBRE | EXT_OTT_ACCESS | FIBRE_BASIC | HD | IPTV_STO | LIVE | SVOD | VOD | VOD_24;0;;;;;;;;;;
26906299;01/06/2022 11:00;11/01/2016 19:39;XDSL;BYT;30341;176.137.17.187;BBOX_BYT | RADIO_BYT | HD | IPTV_BYT_BASIC | LIVE | SVOD | TIME | VOD | VOD_24;1;222066223301857;;;;;;;;;
33061923;01/05/2022 18:52;06/10/2021 13:32;FIBRE;BYT;26271;176.142.160.201;BBOX_FIBRE | RADIO_FIBRE | EXT_OTT_ACCESS | EXT_OTT_TVBASIC | FIBRE_BASIC | HD | IPTV_STO | LIVE | SVOD | VOD | VOD_24;1;272011111513147;;;;;;;;;
31342874;03/12/2021 05:28;30/12/2020 11:30;FIBRE;BYT;95268;31.38.143.76;BBOX_FIBRE | RADIO_FIBRE | EXT_OTT_ACCESS | EXT_OTT_TVBASIC | FIBRE_BASIC | HD | IPTV_STO | LIVE | SVOD | VOD | VOD_24;1;272011917306423;;;;;;;;;
35071414;06/11/2021 12:07;17/09/2021 15:52;FIBRE;BYT;42187;62.35.240.57;BBOX_FIBRE | RADIO_FIBRE | EXT_OTT_ACCESS | EXT_OTT_TVBASIC | FIBRE_BASIC | HD | LIVE | SVOD | VOD | VOD_24;1;272011105332108;;;;;;;;;
37112281;05/04/2022 12:25;11/03/2022 16:52;FIBRE;BYT;69100;176.177.48.76;BBOX_FIBRE | RADIO_FIBRE | EXT_OTT_ACCESS | EXT_OTT_TVBASIC | FIBRE_BASIC | HD | IPTV_STO | LIVE | SVOD | VOD | VOD_24;1;272011903301180;;;;;;;;;
36938387;25/03/2022 09:44;23/02/2022 18:02;FIBRE;BYT;59618;176.137.110.16;BBOX_FIBRE | RADIO_FIBRE | EXT_OTT_ACCESS | EXT_OTT_TVBASIC | FIBRE_BASIC | FIBRE_BBOXCINE | FIBRE_SALTO | HD | IPTV_STO | LIVE | MULTI | SVOD | VOD | VOD_24;3;272011915608218;272011814706709;214021113556474;;;;;;;
25683140;06/10/2021 02:37;19/12/2018 07:30;FIBRE;BYT;33376;176.166.66.190;BBOX_FIBRE | RADIO_FIBRE | EXT_OTT_ACCESS | EXT_OTT_TVBASIC | FIBRE_BASIC | HD | IPTV_STO | LIVE | SVOD | VOD | VOD_24;1;272011833305525;;;;;;;;;
33278230;31/10/2020 18:02;31/10/2020 18:01;XDSL;FT;66180;176.155.181.175;BBOX_FT | RADIO_FT | EXT_OTT_ACCESS | EXT_OTT_TVBASIC | HD | IPTV_FT_BASIC | IPTV_FT_BASIC_ADVANC | IPTV_STO | LIVE | SVOD | TIME | VOD | VOD_24;1;271011628401829;;;;;;;;;
32714325;25/04/2022 22:16;25/04/2022 13:42;XDSL;BYT;83137;176.150.221.243;BBOX_BYT | RADIO_BYT | EXT_OTT_ACCESS | EXT_OTT_TVBASIC | HD | IPTV_BYT_BASIC | IPTV_BYT_BASIC_ADVAN | IPTV_STO | LIVE | OTT_LIVE_DRM_STB | SVOD | TIME | VOD | VOD_24;1;272011825617150;;;;;;;;;
31253514;16/12/2021 20:46;17/03/2021 17:28;FIBRE;BYT;37261;176.169.234.244;BBOX_FIBRE | RADIO_FIBRE | EXT_OTT_ACCESS | EXT_OTT_TVBASIC | FIBRE_BASIC | HD | LIVE | MULTI | SVOD | VOD | VOD_24;1;272011850115823;;;;;;;;;
33199040;;02/10/2020 14:06;XDSL;FT;01160;;BBOX_FT | RADIO_FT | EXT_OTT_ACCESS | EXT_OTT_TVBASIC | IPTV_FT_BASIC | IPTV_FT_BASIC_ADVANC | IPTV_STO | LIVE | SVOD | VOD | VOD_24;0;;;;;;;;;;
31460745;12/09/2021 16:19;21/08/2021 14:13;FIBRE;BYT;28104;31.32.137.164;BBOX_FIBRE | RADIO_FIBRE | EXT_OTT_ACCESS | EXT_OTT_TVBASIC | FIBRE_BASIC | HD | IPTV_STO | LIVE | SVOD | VOD | VOD_24;1;272011047722218;;;;;;;;;
30237306;22/03/2022 16:57;10/05/2018 17:31;XDSL;FT;80685;176.156.127.5;BBOX_FT | RADIO_FT | EXT_OTT_ACCESS | EXT_OTT_TVBASIC | HD | IPTV_FT_BASIC | IPTV_FT_BASIC_ADVANC | IPTV_STO | LIVE | MULTI | SVOD | TIME | VOD | VOD_24;2;271011625503510;271011745411651;;;;;;;;
30965014;22/03/2021 14:58;22/03/2021 11:41;FIBRE;BYT;83123;176.188.66.173;BBOX_FIBRE | RADIO_FIBRE | EXT_OTT_ACCESS | EXT_OTT_TVBASIC | FIBRE_BASIC | FIBRE_JEUNESSEB | HD | IPTV_NPVR_BASIC_PARC | IPTV_STO | LIVE | NPVR_TYPE | SVOD | VOD | VOD_24;1;272011020618854;;;;;;;;;
29882675;;27/03/2021 20:05;FIBRE;BYT;95430;;BBOX_FIBRE | RADIO_FIBRE | EXT_OTT_ACCESS | EXT_OTT_TVBASIC | FIBRE_BASIC | HD | IPTV_STO | LIVE | SVOD | VOD | VOD_24;0;;;;;;;;;;
37948398;;02/06/2022 11:01;FIBRE;BYT;69388;;BBOX_FIBRE | RADIO_FIBRE | EXT_OTT_ACCESS | EXT_OTT_TVBASIC | FIBRE_BASIC | HD | IPTV_STO | LIVE | SVOD | VOD | VOD_24;0;;;;;;;;;;
28259618;26/11/2019 10:46;19/11/2019 10:28;XDSL;BYT;06004;89.80.19.117;BBOX_BYT | RADIO_BYT | EXT_OTT_ACCESS | EXT_OTT_TVBASIC | HD | IPTV_BYT_BASIC | IPTV_BYT_BASIC_ADVAN | LIVE | OTT_LIVE_DRM_STB | SVOD | TIME | VOD | VOD_24;1;271011817527178;;;;;;;;;
20299531;04/06/2020 16:15;04/06/2020 15:40;FIBRE;BYT;38229;212.195.79.43;BBOX_FIBRE | RADIO_FIBRE | EXT_OTT_ACCESS | EXT_OTT_TVBASIC | FIBRE_BASIC | FIBRE_EUROSPORTB | HD | LIVE | SVOD | VOD | VOD_24;1;272011925317347;;;;;;;;;
31519543;04/08/2020 16:51;12/03/2019 09:31;FIBRE;BYT;33318;176.136.174.241;BBOX_FIBRE | RADIO_FIBRE | EXT_OTT_ACCESS | EXT_OTT_TVBASIC | FIBRE_BASIC | FIBRE_DISNEY | HD | IPTV_STO | LIVE | SVOD | VOD | VOD_24;1;272011852702321;;;;;;;;;
29960333;21/11/2021 14:10;16/09/2021 13:28;XDSL;BYT;44109;176.129.219.206;BBOX_BYT | RADIO_BYT | EXT_OTT_ACCESS | EXT_OTT_TVBASIC | HD | IPTV_BYT_BASIC | IPTV_BYT_BASIC_ADVAN | IPTV_STO | LIVE | SVOD | TIME | VOD | VOD_24;1;271011602507468;;;;;;;;;
27199418;07/06/2017 16:51;31/03/2016 05:33;XDSL;BYT;64496;31.37.73.135;BBOX_BYT | RADIO_BYT | EXT_OTT_ACCESS | EXT_OTT_TVBASIC | HD | IPTV_BYT_BASIC | IPTV_BYT_BASIC_ADVAN | LIVE | SVOD | TIME | VOD | VOD_24;1;271011533321617;;;;;;;;;
25325704;03/11/2021 08:21;09/10/2017 07:51;FIBRE;BYT;06088;176.175.118.76;BBOX_FIBRE | RADIO_FIBRE | EXT_OTT_ACCESS | EXT_OTT_TVBASIC | FIBRE_BASIC | HD | IPTV_STO | LIVE | MULTI | OTT_LIVE_DRM_STB | SVOD | VOD | VOD_24;2;271011534603799;272011047705601;;;;;;;;
25431705;25/11/2020 18:06;13/01/2015 19:37;XDSL;FT;66093;;BBOX_FT | RADIO_FT | IPTV_FT_BASIC | LIVE | SVOD | VOD | VOD_24;0;;;;;;;;;;
22191812;03/09/2020 17:11;03/09/2020 11:34;FIBRE;BYT;29075;31.38.180.103;BBOX_FIBRE | RADIO_FIBRE | EXT_OTT_ACCESS | EXT_OTT_TVBASIC | FIBRE_BASIC | HD | IPTV_STO | LIVE | SVOD | VOD | VOD_24;1;272011018410421;;;;;;;;;
37391323;02/05/2022 14:06;11/04/2022 13:18;FIBRE;BYT;02738;128.78.152.223;BBOX_FIBRE | RADIO_FIBRE | EXT_OTT_ACCESS | EXT_OTT_TVBASIC | FIBRE_BASIC | FIBRE_JEUNESSE | FIBRE_SALTO | HD | IPTV_STO | LIVE | RISK_2 | SVOD;1;214023130239092;;;;;;;;;
31419727;;09/02/2019 07:33;FIBRE;BYT;75113;;BBOX_FIBRE | RADIO_FIBRE | EXT_OTT_ACCESS | EXT_OTT_TVBASIC | FIBRE_BASIC | HD | LIVE | SVOD | VOD | VOD_24;0;;;;;;;;;;
20708264;07/10/2020 19:03;21/09/2011 19:28;XDSL;AX;07178;89.94.227.182;BBOX_BYT | RADIO_BYT | HD | IPTV_BYT_BASIC | IPTV_BYT_OCS | IPTV_SVOD_OCS | LIVE | PVR_40 | SVOD | VOD | VOD_24;1;222060505622817;;;;;;;;;
21964914;08/06/2021 12:36;28/01/2016 14:46;XDSL;BYT;51454;87.88.213.98;BBOX_BYT | RADIO_BYT | HD | IPTV_BYT_BASIC | LIVE | PVR_40 | SVOD | VOD | VOD_24;1;222060621712708;;;;;;;;;
24659497;11/03/2022 12:54;17/07/2020 09:42;FIBRE;BYT;10253;89.81.98.4;BBOX_FIBRE | RADIO_FIBRE | EXT_OTT_ACCESS | EXT_OTT_TVBASIC | FIBRE_BASIC | FIBRE_GRAND_ANGLE | FIBRE_PACK_X | HD | IPTV_STO | LIVE | SVOD | VOD | VOD_24;1;214021113567091;;;;;;;;;
20011676;22/04/2022 17:15;28/01/2019 11:31;FIBRE;BYT;93046;87.89.15.235;BBOX_FIBRE | RADIO_FIBRE | EXT_OTT_ACCESS | EXT_OTT_TVBASIC | FIBRE_BASIC | HD | LIVE | OTT_LIVE_DRM_STB | SVOD | VOD | VOD_24;1;272011833419433;;;;;;;;;
36996175;11/05/2022 15:17;01/03/2022 18:32;FIBRE;BYT;68284;176.175.160.112;BBOX_FIBRE | RADIO_FIBRE | EXT_OTT_ACCESS | EXT_OTT_TVBASIC | FIBRE_BASIC | HD | IPTV_STO | LIVE | MULTI | SVOD | VOD | VOD_24;2;214021112308463;272011932100454;;;;;;;;
25669337;06/05/2021 02:32;08/07/2020 11:30;FIBRE;BYT;93066;89.84.37.174;BBOX_FIBRE | RADIO_FIBRE | EXT_OTT_ACCESS | EXT_OTT_TVBASIC | FIBRE_BASIC | FIBRE_PACK_3 | HD | LIVE | SVOD | VOD | VOD_24;1;272011012510275;;;;;;;;;
27406409;22/04/2021 19:54;22/04/2021 17:46;XDSL;BYT;74236;176.189.59.187;BBOX_BYT | RADIO_BYT | HD | IPTV_BYT_BASIC | LIVE | PVR_40 | SVOD | VOD | VOD_24;1;222060613611280;;;;;;;;;
34437719;15/09/2021 19:58;20/07/2021 12:25;FIBRE;BYT;92040;176.185.197.225;BBOX_FIBRE | RADIO_FIBRE | EXT_OTT_ACCESS | EXT_OTT_TVBASIC | FIBRE_BASIC | HD | IPTV_STO | LIVE | OTT_LIVE_DRM_STB | SVOD | VOD | VOD_24;1;271011749503735;;;;;;;;;
29877593;01/06/2018 01:39;13/01/2018 06:31;FIBRE;BYT;75104;176.185.144.146;BBOX_FIBRE | RADIO_FIBRE | EXT_OTT_ACCESS | EXT_OTT_TVBASIC | FIBRE_BASIC | HD | IPTV_MYTF1MAX_INCLUS | LIVE | SVOD | VOD | VOD_24;1;271011736517987;;;;;;;;;
22306689;19/03/2022 08:03;23/06/2021 07:33;FIBRE;BYT;60057;;BBOX_FIBRE | RADIO_FIBRE | EXT_OTT_ACCESS | EXT_OTT_TVBASIC | FIBRE_BASIC | HD | LIVE | SVOD | VOD | VOD_24;0;;;;;;;;;;
28246759;01/04/2020 18:39;01/04/2020 18:37;FIBRE;BYT;93063;176.151.245.103;BBOX_FIBRE | RADIO_FIBRE | EXT_OTT_ACCESS | EXT_OTT_TVBASIC | FIBRE_BASIC | HD | IPTV_STO | LIVE | SVOD | VOD | VOD_24;1;272011907218141;;;;;;;;;
22369510;26/01/2019 08:22;05/07/2012 08:35;XDSL;FT;43184;176.157.10.155;BBOX_FT | RADIO_FT | IPTV_FT_BASIC | LIVE | PVR_40 | SVOD | VOD | VOD_24;1;222060442648297;;;;;;;;;
28954710;19/05/2018 06:55;15/05/2018 10:40;FIBRE;BYT;95598;;BBOX_FIBRE | RADIO_FIBRE | FIBRE_BASIC | HD | LIVE | PVR_40 | SVOD | VOD | VOD_24;0;;;;;;;;;;
31645445;09/07/2021 11:33;30/06/2021 12:31;FIBRE;BYT;42218;176.190.90.166;BBOX_FIBRE | RADIO_FIBRE | EXT_OTT_ACCESS | EXT_OTT_TVBASIC | FIBRE_BASIC | HD | IPTV_STO | LIVE | SVOD | VOD | VOD_24;1;272011026312817;;;;;;;;;
21497610;10/04/2020 07:20;16/03/2020 14:50;FIBRE;BYT;78208;176.187.155.39;BBOX_FIBRE | RADIO_FIBRE | EXT_OTT_ACCESS | EXT_OTT_TVBASIC | FIBRE_BASIC | HD | IPTV_PBCANALB | IPTV_STO | LIVE | SVOD | VOD | VOD_24;1;272011947100309;;;;;;;;;
22161724;19/03/2021 19:45;19/03/2021 14:02;XDSL;FT;37072;176.154.250.241;BBOX_FT | RADIO_FT | HD | IPTV_FT_BASIC | IPTV_FT_BASIC_ADVANC | LIVE | PVR_40 | SVOD | VOD | VOD_24;1;222060609706102;;;;;;;;;
22324287;27/05/2022 09:31;07/11/2019 19:25;FIBRE;BYT;95480;89.86.6.50;BBOX_FIBRE | RADIO_FIBRE | EXT_OTT_ACCESS | EXT_OTT_TVBASIC | FIBRE_BASIC | HD | IPTV_STO | LIVE | SVOD | VOD | VOD_24;1;272011909702639;;;;;;;;;
34918804;27/04/2022 16:39;27/04/2022 15:33;FIBRE;BYT;31433;176.173.56.210;BBOX_FIBRE | RADIO_FIBRE | EXT_OTT_ACCESS | EXT_OTT_TVBASIC | FIBRE_BASIC | HD | IPTV_STO | LIVE | OTT_LIVE_DRM_STB | SVOD | VOD | VOD_24;1;272011035219813;;;;;;;;;
31926782;16/06/2021 18:08;15/08/2019 17:57;FIBRE;BYT;75110;89.83.139.127;BBOX_FIBRE | RADIO_FIBRE | EXT_OTT_ACCESS | EXT_OTT_TVBASIC | FIBRE_BASIC | HD | IPTV_NPVR_BASIC_PARC | IPTV_STO | LIVE | NPVR_TYPE | SVOD | VOD | VOD_24;1;272011823708761;;;;;;;;;
30416002;29/10/2021 16:15;29/10/2021 15:34;FIBRE;BYT;91097;31.36.197.239;BBOX_FIBRE | RADIO_FIBRE | EXT_OTT_ACCESS | EXT_OTT_TVBASIC | FIBRE_BASIC | HD | LIVE | OTT_LIVE_DRM_STB | SVOD | VOD | VOD_24;1;271011722425534;;;;;;;;;
31782191;05/06/2022 10:14;01/07/2019 16:09;XDSL;BYT;06084;176.137.199.159;BBOX_BYT | RADIO_BYT | EXT_OTT_ACCESS | EXT_OTT_TVBASIC | HD | IPTV_BYT_BASIC | IPTV_BYT_BASIC_ADVAN | IPTV_BYT_SALTO | IPTV_STO | LIVE | SVOD | TIME | VOD | VOD_24;1;214023201431743;;;;;;;;;
29339607;19/11/2021 01:26;07/01/2019 11:31;FIBRE;BYT;83126;176.150.202.179;BBOX_FIBRE | RADIO_FIBRE | EXT_OTT_ACCESS | EXT_OTT_TVBASIC | FIBRE_BASIC | FIBRE_BBOXCINE_ES | FIBRE_JEUNESSEB | FIBRE_MAGHREB | HD | LIVE | SVOD | VOD | VOD_24;1;271011603627703;;;;;;;;;
22816903;28/10/2021 17:21;26/10/2021 12:59;FIBRE;BYT;92049;176.129.98.53;BBOX_FIBRE | RADIO_FIBRE | EXT_OTT_ACCESS | EXT_OTT_TVBASIC | FIBRE_BASIC | HD | IPTV_STO | LIVE | SVOD | VOD | VOD_24;1;272011016217000;;;;;;;;;
34983645;28/09/2021 11:53;10/09/2021 17:41;FIBRE;BYT;34336;5.48.61.115;BBOX_FIBRE | RADIO_FIBRE | EXT_OTT_ACCESS | EXT_OTT_TVBASIC | FIBRE_BASIC | HD | IPTV_STO | LIVE | SVOD | VOD | VOD_24;1;272011120207251;;;;;;;;;
30844269;28/12/2019 15:24;27/09/2019 15:50;FIBRE;BYT;78005;176.186.127.177;BBOX_FIBRE | RADIO_FIBRE | EXT_OTT_ACCESS | EXT_OTT_TVBASIC | FIBRE_BASIC | FIBRE_DISNEY | HD | IPTV_STO | LIVE | MULTI | RISK_2 | SVOD;2;272011823622202;271011520427021;;;;;;;;
36402424;14/01/2022 13:15;29/12/2021 14:39;FIBRE;BYT;91549;176.187.24.79;BBOX_FIBRE | RADIO_FIBRE | EXT_OTT_ACCESS | EXT_OTT_TVBASIC | FIBRE_BASIC | HD | IPTV_STO | LIVE | SVOD | VOD | VOD_24;1;272011026113801;;;;;;;;;
25374127;20/04/2020 12:03;19/12/2014 08:23;XDSL;BYT;13207;89.82.156.132;BBOX_BYT | RADIO_BYT | EXT_OTT_ACCESS | EXT_OTT_TVBASIC | HD | IPTV_BYT_BASIC | IPTV_BYT_BASIC_ADVAN | LIVE | SVOD | TIME | VOD | VOD_24;1;271011719513631;;;;;;;;;
23263102;20/09/2019 21:51;08/11/2018 00:05;FIBRE;BYT;18205;176.129.196.120;BBOX_FIBRE | RADIO_FIBRE | EXT_OTT_ACCESS | EXT_OTT_TVBASIC | FIBRE_BASIC | HD | IPTV_STO | LIVE | SVOD | VOD | VOD_24;1;272011823111453;;;;;;;;;
27945326;02/09/2021 02:33;31/01/2018 11:52;FIBRE;BYT;33281;176.129.154.47;BBOX_FIBRE | RADIO_FIBRE | EXT_OTT_ACCESS | EXT_OTT_TVBASIC | FIBRE_BASIC | HD | IPTV_MYTF1MAX_INCLUS | LIVE | SVOD | VOD | VOD_24;1;271011719123712;;;;;;;;;
23379715;17/03/2022 09:53;17/03/2022 07:34;FIBRE;BYT;16154;176.131.188.216;BBOX_FIBRE | RADIO_FIBRE | EXT_OTT_ACCESS | EXT_OTT_TVBASIC | FIBRE_BASIC | HD | IPTV_STO | LIVE | SVOD | VOD | VOD_24;1;272011821609623;;;;;;;;;
33764326;26/03/2021 20:22;25/03/2021 21:25;XDSL;BYT;54305;31.37.56.67;BBOX_BYT | RADIO_BYT | EXT_OTT_ACCESS | EXT_OTT_TVBASIC | HD | IPTV_BYT_BASIC | IPTV_BYT_BASIC_ADVAN | IPTV_STO | LIVE | SVOD | TIME | VOD | VOD_24;1;271011634101322;;;;;;;;;
34699303;29/08/2021 16:05;19/08/2021 19:31;FIBRE;BYT;31424;89.84.138.149;BBOX_FIBRE | RADIO_FIBRE | EXT_OTT_ACCESS | EXT_OTT_TVBASIC | FIBRE_BASIC | HD | IPTV_STO | LIVE | SVOD | VOD | VOD_24;1;272011107432930;;;;;;;;;
31885706;01/10/2020 19:02;30/09/2020 12:13;FIBRE;BYT;13205;89.82.149.243;BBOX_FIBRE | RADIO_FIBRE | EXT_OTT_ACCESS | EXT_OTT_TVBASIC | FIBRE_BASIC | HD | IPTV_STO | LIVE | SVOD | VOD | VOD_24;1;272011803707684;;;;;;;;;
26864393;16/05/2022 20:00;30/12/2015 12:36;FIBRE;BYT;75120;89.86.70.138;BBOX_FIBRE | RADIO_FIBRE | EXT_OTT_ACCESS | EXT_OTT_TVBASIC | FIBRE_BASIC | FIBRE_EUROSPORTB | HD | IPTV_STO | LIVE | SVOD | VOD | VOD_24;2;272011833103037;214022132448628;;;;;;;;
24601497;;20/07/2015 10:21;XDSL;BYT;44109;;BBOX_BYT | RADIO_BYT | HD | IPTV_BYT_BASIC | LIVE | SVOD | TIME | VOD | VOD_24;0;;;;;;;;;;
24084499;05/10/2021 18:05;21/03/2014 20:38;XDSL;BYT;33056;176.129.129.73;BBOX_BYT | RADIO_BYT | HD | IPTV_BYT_BASIC | LIVE | PVR_40 | SVOD | TIME | VOD | VOD_24;1;222060622511307;;;;;;;;;
33067026;;31/08/2020 18:03;FIBRE;BYT;75117;;BBOX_FIBRE | RADIO_FIBRE | EXT_OTT_ACCESS | EXT_OTT_TVBASIC | FIBRE_BASIC | HD | IPTV_STO | LIVE | SVOD | VOD | VOD_24;0;;;;;;;;;;
33452493;09/12/2020 16:02;02/12/2020 05:47;FIBRE;BYT;75119;176.179.25.34;BBOX_FIBRE | RADIO_FIBRE | EXT_OTT_ACCESS | EXT_OTT_TVBASIC | FIBRE_BASIC | FIBRE_OCS | HD | IPTV_STO | IPTV_SVOD_OCS | LIVE | SVOD | VOD | VOD_24;1;272011941307124;;;;;;;;;
35001149;23/09/2021 14:41;13/09/2021 10:39;FIBRE;BYT;60360;176.146.70.137;BBOX_FIBRE | RADIO_FIBRE | EXT_OTT_ACCESS | EXT_OTT_TVBASIC | FIBRE_BASIC | FIBRE_PCK_SPORT | HD | IPTV_STO | LIVE | SVOD | VOD | VOD_24;1;272011035507316;;;;;;;;;
20409379;;08/06/2022 16:51;FIBRE;BYT;63308;;BBOX_FIBRE | RADIO_FIBRE | EXT_OTT_ACCESS | FIBRE_BASIC | HD | IPTV_STO | LIVE | SVOD | VOD | VOD_24;0;;;;;;;;;;
26242069;20/03/2022 14:45;18/08/2015 07:54;XDSL;FT;24547;176.142.231.156;BBOX_FT | RADIO_FT | EXT_OTT_ACCESS | HD | IPTV_FT_BASIC | IPTV_STO | LIVE | PVR_40 | SVOD | TIME | VOD | VOD_24;1;213051119405070;;;;;;;;;
36111486;31/12/2021 13:56;01/12/2021 16:18;FIBRE;BYT;43177;31.33.35.84;BBOX_FIBRE | RADIO_FIBRE | EXT_OTT_ACCESS | EXT_OTT_TVBASIC | FIBRE_BASIC | HD | IPTV_STO | LIVE | RISK_1 | SVOD | VOD | VOD_24;1;272011104131428;;;;;;;;;
22736853;22/03/2022 00:33;19/03/2019 11:51;FIBRE;BYT;59168;176.174.11.154;BBOX_FIBRE | RADIO_FIBRE | EXT_OTT_ACCESS | EXT_OTT_TVBASIC | FIBRE_BASIC | HD | IPTV_NPVR_BASIC_PARC | IPTV_STO | LIVE | MULTI | NPVR_TYPE | SVOD | VOD | VOD_24;2;272011936303054;214021113515058;;;;;;;;
27371129;06/04/2019 14:21;06/04/2019 12:46;FIBRE;BYT;31395;176.165.138.242;BBOX_FIBRE | RADIO_FIBRE | EXT_OTT_ACCESS | EXT_OTT_TVBASIC | FIBRE_BASIC | HD | LIVE | SVOD | VOD | VOD_24;1;272011836307429;;;;;;;;;
20963569;01/06/2021 18:14;01/06/2021 10:33;FIBRE;BYT;44109;213.44.56.72;BBOX_FIBRE | RADIO_FIBRE | EXT_OTT_ACCESS | EXT_OTT_TVBASIC | FIBRE_BASIC | HD | IPTV_STO | LIVE | SVOD | VOD | VOD_24;1;272011003111919;;;;;;;;;
33588473;15/04/2022 19:25;09/01/2021 08:33;FIBRE;BYT;78146;176.143.54.44;BBOX_FIBRE | RADIO_FIBRE | EXT_OTT_ACCESS | EXT_OTT_TVBASIC | FIBRE_BASIC | HD | IPTV_STO | LIVE | SVOD | VOD | VOD_24;1;272011922210313;;;;;;;;;
37679479;04/06/2022 17:27;05/05/2022 14:51;FIBRE;BYT;91540;31.39.215.219;BBOX_FIBRE | RADIO_FIBRE | EXT_OTT_ACCESS | EXT_OTT_TVBASIC | FIBRE_BASIC | HD | IPTV_STO | LIVE | SVOD | VOD | VOD_24;1;271011713413002;;;;;;;;;
30482727;09/07/2018 22:26;09/07/2018 19:46;XDSL;BYT;28218;31.32.156.1;BBOX_BYT | RADIO_BYT | EXT_OTT_ACCESS | EXT_OTT_TVBASIC | HD | IPTV_BYT_BASIC | IPTV_BYT_BASIC_ADVAN | IPTV_STO | LIVE | SVOD | VOD | VOD_24;1;272011809202847;;;;;;;;;
33964117;08/11/2021 13:29;05/05/2021 13:26;FIBRE;BYT;66136;89.84.168.62;BBOX_FIBRE | RADIO_FIBRE | EXT_OTT_ACCESS | EXT_OTT_TVBASIC | FIBRE_BASIC | HD | IPTV_STO | LIVE | SVOD | VOD | VOD_24;1;272011947224109;;;;;;;;;
22344547;18/03/2022 20:56;05/09/2017 15:48;FIBRE;BYT;78124;;BBOX_FIBRE | RADIO_FIBRE | EXT_OTT_ACCESS | EXT_OTT_TVBASIC | FIBRE_BASIC | FIBRE_SALTO | HD | IPTV_NPVR_BASIC_PARC | IPTV_STO | LIVE | NPVR_TYPE | SVOD | VOD | VOD_24;0;;;;;;;;;;
29940264;18/02/2018 17:00;13/02/2018 21:36;XDSL;FT;35176;176.144.147.76;BBOX_FT | RADIO_FT | EXT_OTT_ACCESS | EXT_OTT_TVBASIC | HD | IPTV_FT_BASIC | IPTV_FT_BASIC_ADVANC | LIVE | SVOD | VOD | VOD_24;1;271011724115448;;;;;;;;;
28932785;28/02/2019 20:12;09/08/2017 18:18;XDSL;BYT;75116;176.186.201.85;BBOX_BYT | RADIO_BYT | HD | IPTV_BYT_BASIC | LIVE | SVOD | TIME | USAGE_REPORT | VOD | VOD_24;1;222067241416487;;;;;;;;;
28345507;02/06/2018 23:05;04/01/2018 11:50;FIBRE;BYT;06088;5.51.39.44;BBOX_FIBRE | RADIO_FIBRE | EXT_OTT_ACCESS | EXT_OTT_TVBASIC | FIBRE_BASIC | HD | LIVE | SVOD | VOD | VOD_24;1;271011636415043;;;;;;;;;
33786599;17/03/2021 14:49;08/03/2021 05:21;FIBRE;BYT;93051;176.143.3.150;BBOX_FIBRE | RADIO_FIBRE | EXT_OTT_ACCESS | EXT_OTT_TVBASIC | FIBRE_BASIC | HD | IPTV_STO | LIVE | SVOD | VOD | VOD_24;1;272011048206872;;;;;;;;;
23753439;22/01/2022 16:22;22/01/2022 15:33;FIBRE;BYT;34032;31.34.2.114;BBOX_FIBRE | RADIO_FIBRE | EXT_OTT_ACCESS | EXT_OTT_TVBASIC | FIBRE_BASIC | HD | IPTV_STO | LIVE | SVOD | VOD | VOD_24;1;272011040121517;;;;;;;;;
25769761;24/11/2021 17:06;14/11/2017 15:30;FIBRE;BYT;13209;176.158.72.79;BBOX_FIBRE | RADIO_FIBRE | EXT_OTT_ACCESS | EXT_OTT_TVBASIC | FIBRE_BASIC | HD | LIVE | SVOD | VOD | VOD_24;1;272011829404928;;;;;;;;;
34103896;18/06/2021 14:05;10/06/2021 12:08;XDSL;BYT;69286;176.133.89.21;BBOX_BYT | RADIO_BYT | EXT_OTT_ACCESS | EXT_OTT_TVBASIC | HD | IPTV_BYT_BASIC | IPTV_BYT_BASIC_ADVAN | IPTV_BYT_BBOXCINE | IPTV_BYT_OCS | IPTV_MYTF1MAX | IPTV_STO | IPTV_SVOD_OCS | LIVE | SVOD | TIME | VOD | VOD_24;1;271011640334016;;;;;;;;;
25115019;08/10/2018 20:22;31/10/2014 07:51;XDSL;BYT;13209;89.82.89.5;BBOX_BYT | RADIO_BYT | HD | IPTV_BYT_BASIC | LIVE | SVOD | TIME | VOD | VOD_24;1;222068308509875;;;;;;;;;
23743596;17/02/2021 15:17;17/02/2021 10:31;FIBRE;BYT;59650;176.181.84.47;BBOX_FIBRE | RADIO_FIBRE | EXT_OTT_ACCESS | EXT_OTT_TVBASIC | FIBRE_BASIC | HD | IPTV_STO | LIVE | SVOD | VOD | VOD_24;1;272011824308843;;;;;;;;;
36646135;08/02/2022 19:03;25/01/2022 16:03;FIBRE;BYT;31555;176.129.175.47;BBOX_FIBRE | RADIO_FIBRE | EXT_OTT_ACCESS | EXT_OTT_TVBASIC | FIBRE_BASIC | HD | IPTV_STO | LIVE | SVOD | VOD | VOD_24;1;271011750411901;;;;;;;;;
28936322;19/11/2018 12:16;04/07/2017 06:46;FIBRE;BYT;75115;;BBOX_FIBRE | RADIO_FIBRE | EXT_OTT_ACCESS | EXT_OTT_TVBASIC | FIBRE_BASIC | HD | LIVE | SVOD | VOD | VOD_24;0;;;;;;;;;;
33076321;18/09/2020 18:05;18/09/2020 18:04;XDSL;BYT;49328;176.150.155.161;BBOX_BYT | RADIO_BYT | EXT_OTT_ACCESS | EXT_OTT_TVBASIC | HD | IPTV_BYT_BASIC | IPTV_BYT_BASIC_ADVAN | IPTV_STO | LIVE | SVOD | VOD | VOD_24;1;271011817201089;;;;;;;;;
31451232;15/06/2021 13:00;15/06/2021 11:33;FIBRE;BYT;03036;87.90.248.102;BBOX_FIBRE | RADIO_FIBRE | EXT_OTT_ACCESS | EXT_OTT_TVBASIC | FIBRE_BASIC | FIBRE_GRAND_ANGLE | HD | IPTV_STO | LIVE | SVOD | VOD | VOD_24;1;272011047220676;;;;;;;;;
32209600;28/03/2021 16:40;12/01/2021 18:57;FIBRE;BYT;42022;176.174.168.248;BBOX_FIBRE | RADIO_FIBRE | EXT_OTT_ACCESS | EXT_OTT_TVBASIC | FIBRE_BASIC | HD | IPTV_STO | LIVE | SVOD | VOD | VOD_24;1;271011723316708;;;;;;;;;
25763203;16/12/2019 19:53;16/12/2019 12:50;FIBRE;BYT;95018;;BBOX_FIBRE | RADIO_FIBRE | EXT_OTT_ACCESS | EXT_OTT_TVBASIC | FIBRE_BASIC | HD | LIVE | SVOD | VOD | VOD_24;0;;;;;;;;;;
31503390;03/02/2022 15:45;01/02/2022 17:46;FIBRE;BYT;62087;176.174.85.135;BBOX_FIBRE | RADIO_FIBRE | EXT_OTT_ACCESS | EXT_OTT_TVBASIC | FIBRE_BASIC | HD | IPTV_NPVR_BASIC_PARC | IPTV_STO | LIVE | NPVR_TYPE | SVOD | VOD | VOD_24;1;214021111248405;;;;;;;;;
37827557;30/05/2022 13:33;19/05/2022 19:17;FIBRE;BYT;91161;176.187.26.186;BBOX_FIBRE | RADIO_FIBRE | EXT_OTT_ACCESS | EXT_OTT_TVBASIC | FIBRE_BASIC | HD | IPTV_STO | LIVE | SVOD | VOD | VOD_24;1;214023141325005;;;;;;;;;
32837520;25/06/2020 18:41;24/06/2020 23:52;XDSL;FT;08362;176.156.82.170;BBOX_FT | RADIO_FT | EXT_OTT_ACCESS | EXT_OTT_TVBASIC | HD | IPTV_FT_BASIC | IPTV_FT_BASIC_ADVANC | LIVE | SVOD | TIME | VOD | VOD_24;1;271011724508121;;;;;;;;;
33079278;24/10/2020 16:40;19/10/2020 20:07;XDSL;BYT;74042;31.35.206.71;BBOX_BYT | RADIO_BYT | EXT_OTT_ACCESS | EXT_OTT_TVBASIC | HD | IPTV_BYT_BASIC | IPTV_BYT_BASIC_ADVAN | IPTV_STO | LIVE | SVOD | TIME | VOD | VOD_24;1;271011717712540;;;;;;;;;
32475585;09/04/2022 17:10;09/04/2022 17:09;XDSL;BYT;83123;176.150.194.56;BBOX_BYT | RADIO_BYT | EXT_OTT_ACCESS | EXT_OTT_TVBASIC | HD | IPTV_BYT_BASIC | IPTV_BYT_BASIC_ADVAN | LIVE | OTT_LIVE_DRM_STB | SVOD | TIME | VOD | VOD_24;1;271011713463254;;;;;;;;;
28963210;28/01/2021 11:57;04/01/2021 15:01;XDSL;BYT;68271;176.188.112.239;BBOX_BYT | RADIO_BYT | EXT_OTT_ACCESS | EXT_OTT_TVBASIC | HD | IPTV_BYT_BASIC | IPTV_BYT_BASIC_ADVAN | IPTV_STO | LIVE | SVOD | TIME | VOD | VOD_24;1;271011531101284;;;;;;;;;
33348582;21/11/2020 02:37;04/11/2020 16:14;XDSL;BYT;34172;;BBOX_BYT | RADIO_BYT | EXT_OTT_ACCESS | EXT_OTT_TVBASIC | HD | IPTV_BYT_BASIC | IPTV_BYT_BASIC_ADVAN | LIVE | SVOD | TIME | VOD | VOD_24;0;;;;;;;;;;
25534688;29/06/2019 20:18;30/01/2015 07:46;XDSL;BYT;38210;62.34.246.57;BBOX_BYT | RADIO_BYT | IPTV_BYT_BASIC | IPTV_BYT_GRAND_ANGLE | LIVE | SVOD | VOD | VOD_24;1;222060622115877;;;;;;;;;
28853323;03/12/2020 17:38;03/12/2020 09:42;FIBRE;BYT;59594;176.174.120.255;BBOX_FIBRE | RADIO_FIBRE | EXT_OTT_ACCESS | EXT_OTT_TVBASIC | FIBRE_BASIC | HD | IPTV_STO | LIVE | SVOD | VOD | VOD_24;1;272011034205482;;;;;;;;;
20772914;14/09/2021 19:51;11/09/2021 15:33;FIBRE;BYT;75118;176.150.236.200;BBOX_FIBRE | RADIO_FIBRE | EXT_OTT_ACCESS | EXT_OTT_TVBASIC | FIBRE_BASIC | HD | LIVE | OTT_LIVE_DRM_STB | SVOD | VOD | VOD_24;1;272011109429611;;;;;;;;;
23456828;22/02/2022 20:53;09/12/2019 14:49;FIBRE;BYT;34032;;BBOX_FIBRE | RADIO_FIBRE | EXT_OTT_ACCESS | EXT_OTT_TVBASIC | FIBRE_BASIC | HD | LIVE | SVOD | VOD | VOD_24;0;;;;;;;;;;
27885067;07/02/2020 19:30;21/05/2019 15:48;FIBRE;BYT;77288;89.87.41.25;BBOX_FIBRE | RADIO_FIBRE | EXT_OTT_ACCESS | EXT_OTT_TVBASIC | FIBRE_BASIC | HD | IPTV_STO | LIVE | SVOD | VOD | VOD_24;1;272011943226033;;;;;;;;;
31914569;02/06/2022 22:31;01/06/2022 16:34;FIBRE;BYT;83137;89.83.80.141;BBOX_FIBRE | RADIO_FIBRE | EXT_OTT_ACCESS | EXT_OTT_TVBASIC | FIBRE_BASIC | HD | IPTV_STO | LIVE | RISK_2 | SVOD;1;214023136533688;;;;;;;;;
34379888;10/08/2021 18:51;12/07/2021 13:15;FIBRE;BYT;49125;176.182.136.242;BBOX_FIBRE | RADIO_FIBRE | EXT_OTT_ACCESS | EXT_OTT_TVBASIC | FIBRE_BASIC | HD | IPTV_STO | LIVE | SVOD | VOD | VOD_24;1;271011516526661;;;;;;;;;
34024082;12/06/2021 15:38;26/05/2021 10:25;FIBRE;BYT;75115;176.175.88.243;BBOX_FIBRE | RADIO_FIBRE | EXT_OTT_ACCESS | EXT_OTT_TVBASIC | FIBRE_BASIC | HD | IPTV_STO | LIVE | SVOD | VOD | VOD_24;1;272011053614531;;;;;;;;;
37395009;;07/04/2022 17:12;FIBRE;BYT;89099;;BBOX_FIBRE | RADIO_FIBRE | EXT_OTT_ACCESS | EXT_OTT_TVBASIC | FIBRE_BASIC | HD | IPTV_STO | LIVE | SVOD | VOD | VOD_24;0;;;;;;;;;;
22315308;19/02/2022 12:02;18/02/2022 14:52;FIBRE;BYT;87114;176.142.211.81;BBOX_FIBRE | RADIO_FIBRE | EXT_OTT_ACCESS | EXT_OTT_TVBASIC | FIBRE_BASIC | HD | LIVE | OTT_LIVE_DRM_STB | SVOD | VOD | VOD_24;1;272011941118141;;;;;;;;;
33980961;03/06/2021 21:18;10/05/2021 20:46;FIBRE;BYT;14726;128.78.27.146;BBOX_FIBRE | RADIO_FIBRE | EXT_OTT_ACCESS | EXT_OTT_TVBASIC | FIBRE_BASIC | HD | IPTV_STO | LIVE | SVOD | VOD | VOD_24;1;272011934214840;;;;;;;;;
27573936;24/06/2017 16:31;02/09/2016 20:24;XDSL;BYT;78043;176.136.238.219;BBOX_BYT | RADIO_BYT | EXT_OTT_ACCESS | EXT_OTT_TVBASIC | HD | IPTV_BYT_BASIC | IPTV_BYT_BASIC_ADVAN | LIVE | SVOD | VOD | VOD_24;1;271011534329627;;;;;;;;;
31440556;26/02/2019 11:12;13/02/2019 12:56;FIBRE;BYT;67443;176.148.135.41;BBOX_FIBRE | RADIO_FIBRE | EXT_OTT_ACCESS | EXT_OTT_TVBASIC | FIBRE_BASIC | HD | IPTV_STO | LIVE | SVOD | VOD | VOD_24;1;272011851706513;;;;;;;;;
27932302;20/12/2020 18:51;16/09/2016 20:54;XDSL;BYT;38169;176.137.191.43;BBOX_BYT | RADIO_BYT | EXT_OTT_ACCESS | IPTV_BYT_BASIC | IPTV_STO | LIVE | SVOD | VOD | VOD_24;1;222060622323554;;;;;;;;;
37803476;25/05/2022 15:18;17/05/2022 16:04;FIBRE;BYT;08090;89.80.91.65;BBOX_FIBRE | RADIO_FIBRE | EXT_OTT_ACCESS | EXT_OTT_TVBASIC | FIBRE_BASIC | FIBRE_BBOXCINE | FIBRE_BEIN_CRYP1 | FIBRE_BEIN_CRYP2 | FIBRE_BEIN_CRYP3 | FIBRE_BEIN_SPORT | HD | IPTV_STO | LIVE | SVOD | VOD | VOD_24;1;271011713460458;;;;;;;;;
32537076;14/05/2021 21:50;14/05/2021 07:34;FIBRE;BYT;93064;89.80.46.207;BBOX_FIBRE | RADIO_FIBRE | EXT_OTT_ACCESS | EXT_OTT_TVBASIC | FIBRE_BASIC | HD | LIVE | SVOD | VOD | VOD_24;1;272011815112154;;;;;;;;;
31749367;14/01/2022 14:11;12/06/2019 13:58;FIBRE;BYT;69387;176.172.96.230;BBOX_FIBRE | RADIO_FIBRE | EXT_OTT_ACCESS | EXT_OTT_TVBASIC | FIBRE_BASIC | HD | IPTV_STO | LIVE | SVOD | VOD | VOD_24;1;272011808212409;;;;;;;;;
35336493;19/10/2021 15:41;06/10/2021 20:58;FIBRE;BYT;93027;89.84.58.236;BBOX_FIBRE | RADIO_FIBRE | EXT_OTT_ACCESS | EXT_OTT_TVBASIC | FIBRE_BASIC | HD | LIVE | SVOD | VOD | VOD_24;1;272011105501165;;;;;;;;;
32810865;;16/06/2020 12:03;XDSL;BYT;06090;;BBOX_BYT | RADIO_BYT | EXT_OTT_ACCESS | EXT_OTT_TVBASIC | HD | IPTV_BYT_BASIC | IPTV_BYT_BASIC_ADVAN | LIVE | SVOD | TIME | VOD | VOD_24;0;;;;;;;;;;
34471300;07/08/2021 12:05;24/07/2021 17:24;FIBRE;BYT;93064;176.138.182.12;BBOX_FIBRE | RADIO_FIBRE | EXT_OTT_ACCESS | EXT_OTT_TVBASIC | FIBRE_BASIC | HD | IPTV_STO | LIVE | SVOD | VOD | VOD_24;1;272011049315136;;;;;;;;;
32630404;30/05/2020 12:24;30/05/2020 09:35;XDSL;BYT;91161;176.134.18.157;BBOX_BYT | RADIO_BYT | EXT_OTT_ACCESS | EXT_OTT_TVBASIC | HD | IPTV_BYT_BASIC | IPTV_BYT_BASIC_ADVAN | LIVE | SVOD | TIME | VOD | VOD_24;1;271011817330938;;;;;;;;;
35542267;;25/10/2021 14:28;XDSL;FT;31351;;BBOX_FT | RADIO_FT | EXT_OTT_ACCESS | EXT_OTT_TVBASIC | HD | IPTV_FT_BASIC | IPTV_FT_BASIC_ADVANC | IPTV_STO | LIVE | SVOD | VOD | VOD_24;0;;;;;;;;;;
28286004;30/04/2019 07:06;08/01/2019 09:16;XDSL;BYT;74281;;BBOX_BYT | RADIO_BYT | EXT_OTT_ACCESS | EXT_OTT_TVBASIC | IPTV_BYT_BASIC | IPTV_BYT_BASIC_ADVAN | LIVE | SVOD | VOD | VOD_24;0;;;;;;;;;;
36555878;;15/01/2022 13:27;FIBRE;BYT;42218;;BBOX_FIBRE | RADIO_FIBRE | EXT_OTT_ACCESS | EXT_OTT_TVBASIC | FIBRE_BASIC | HD | IPTV_STO | LIVE | SVOD | VOD | VOD_24;0;;;;;;;;;;
32629265;16/04/2020 18:08;07/03/2020 05:13;FIBRE;BYT;62643;;BBOX_FIBRE | RADIO_FIBRE | EXT_OTT_ACCESS | EXT_OTT_TVBASIC | FIBRE_BASIC | HD | IPTV_STO | LIVE | SVOD | VOD | VOD_24;0;;;;;;;;;;
20807818;21/10/2020 17:36;21/10/2020 12:49;FIBRE;BYT;44109;213.44.48.38;BBOX_FIBRE | RADIO_FIBRE | EXT_OTT_ACCESS | EXT_OTT_TVBASIC | FIBRE_BASIC | HD | LIVE | SVOD | VOD | VOD_24;1;272011935302743;;;;;;;;;
31188946;01/09/2021 18:22;14/02/2020 16:07;FIBRE;BYT;02737;87.90.199.225;BBOX_FIBRE | RADIO_FIBRE | EXT_OTT_ACCESS | EXT_OTT_TVBASIC | FIBRE_BASIC | HD | IPTV_STO | LIVE | SVOD | VOD | VOD_24;1;272011934502723;;;;;;;;;
37970252;;04/06/2022 11:48;FIBRE;BYT;44143;;BBOX_FIBRE | RADIO_FIBRE | EXT_OTT_ACCESS | EXT_OTT_TVBASIC | FIBRE_BASIC | HD | IPTV_STO | LIVE | SVOD | VOD | VOD_24;0;;;;;;;;;;
33839678;02/04/2021 19:40;23/03/2021 15:16;FIBRE;BYT;26057;212.194.52.174;BBOX_FIBRE | RADIO_FIBRE | EXT_OTT_ACCESS | EXT_OTT_TVBASIC | FIBRE_BASIC | HD | IPTV_STO | LIVE | SVOD | VOD | VOD_24;1;271011734501843;;;;;;;;;
34666622;03/09/2021 18:20;17/08/2021 08:19;FIBRE;BYT;57463;5.48.132.90;BBOX_FIBRE | RADIO_FIBRE | EXT_OTT_ACCESS | EXT_OTT_TVBASIC | FIBRE_BASIC | HD | LIVE | SVOD | VOD | VOD_24;1;272011107311712;;;;;;;;;
33798999;16/04/2021 16:44;09/04/2021 18:54;XDSL;BYT;78646;176.169.158.5;BBOX_BYT | RADIO_BYT | EXT_OTT_ACCESS | EXT_OTT_TVBASIC | HD | IPTV_BYT_BASIC | IPTV_BYT_BASIC_ADVAN | IPTV_BYT_BBOXCINE | IPTV_STO | LIVE | SVOD | TIME | VOD | VOD_24;1;271011824621279;;;;;;;;;
34613825;21/08/2021 11:26;10/08/2021 16:43;XDSL;FT;88181;176.155.228.86;BBOX_FT | RADIO_FT | EXT_OTT_ACCESS | EXT_OTT_TVBASIC | HD | IPTV_FT_BASIC | IPTV_FT_BASIC_ADVANC | LIVE | SVOD | TIME | VOD | VOD_24;1;271011707322441;;;;;;;;;
32706523;19/05/2020 13:48;07/05/2020 05:06;FIBRE;BYT;75114;176.159.116.67;BBOX_FIBRE | RADIO_FIBRE | EXT_OTT_ACCESS | EXT_OTT_TVBASIC | FIBRE_BASIC | HD | LIVE | SVOD | VOD | VOD_24;1;272011819614700;;;;;;;;;
26621486;11/10/2021 17:17;11/10/2021 15:34;FIBRE;BYT;63113;87.91.72.58;BBOX_FIBRE | RADIO_FIBRE | EXT_OTT_ACCESS | EXT_OTT_TVBASIC | FIBRE_BASIC | HD | LIVE | SVOD | VOD | VOD_24;1;272011118613486;;;;;;;;;
29384520;;09/10/2019 06:23;XDSL;BYT;13208;;BBOX_BYT | RADIO_BYT | HD | IPTV_BYT_BASIC | LIVE | SVOD | TIME | VOD | VOD_24;0;;;;;;;;;;
37920468;06/06/2022 13:33;31/05/2022 12:24;FIBRE;BYT;59360;89.80.6.88;BBOX_FIBRE | RADIO_FIBRE | EXT_OTT_ACCESS | EXT_OTT_TVBASIC | FIBRE_BASIC | FIBRE_OCS | FIBRE_SALTO | HD | IPTV_STO | IPTV_SVOD_OCS | LIVE | SVOD | VOD | VOD_24;1;272011114417171;;;;;;;;;
36319743;08/06/2022 02:51;18/12/2021 16:41;FIBRE;BYT;06088;176.165.72.170;BBOX_FIBRE | RADIO_FIBRE | EXT_OTT_ACCESS | EXT_OTT_TVBASIC | FIBRE_BASIC | HD | IPTV_STO | LIVE | SVOD | VOD | VOD_24;1;272011111626006;;;;;;;;;
36312037;13/01/2022 09:41;17/12/2021 19:18;FIBRE;BYT;11145;176.144.58.221;BBOX_FIBRE | RADIO_FIBRE | EXT_OTT_ACCESS | EXT_OTT_TVBASIC | FIBRE_BASIC;1;272011044612149;;;;;;;;;
